PDB,MMGBSA_dG_Bind_Coulomb,MMGBSA_dG_Bind_Covalent,MMGBSA_dG_Bind_Hbond,MMGBSA_dG_Bind_Lipo,MMGBSA_dG_Bind_Packing,MMGBSA_dG_Bind_Solv_GB,MMGBSA_dG_Bind_vdW,Lig_Strain_Energy,Experimental
1yqj,-11.69099308,2.418983206,-0.280916955,-52.23518806,-2.042985394,24.20938711,-67.91220881,4.699478015,-11.24582559
1g54,5.122065038,1.178818352,-1.775155232,-15.41493385,-0.578143781,-10.27751884,-29.09498696,4.414810557,-12.18528031
1g53,-17.93108935,1.509453093,-2.610097914,-16.91318771,-0.003526846,2.306127322,-28.54506278,3.807968653,-12.48922154
1g52,4.10778971,0.31085552,-1.952689685,-20.92420984,-0.548980208,-10.85413365,-30.04230593,3.384874546,-13.17999707
1yqy,15.56003113,9.53052101,-2.150830753,-31.97845479,-0.837880139,16.66381977,-48.38739021,11.12664285,-10.52741905
1kc7,95.63422177,1.737077559,-9.498224319,-3.77489518,0,-55.6469716,-15.65122002,2.697424261,-7.626161828
1d7i,-23.91955211,0.127850032,-0.482901786,-17.46317151,0,8.442771371,-18.42032553,0.046689085,-4.973583801
1ogg,-86.78923685,4.774408038,-3.189314913,-53.08201042,0,51.45745941,-62.80596047,6.882391201,-7.17024998
1pgp,-221.5316601,2.7064475,-13.39097673,-4.211066082,0,215.2763263,-19.77236234,14.47023261,-7.874841018
1yc1,-22.73816591,1.904554788,-8.605152591,-34.46882049,-1.655487633,3.850683332,-49.44317405,3.05013314,-8.524170014
1a9m,-21.1789848,4.88605828,-5.777295517,-71.46178314,0,26.77858653,-88.61875081,12.57370172,-9.560333306
1hii,-64.57248478,4.470802595,-3.172997614,-74.89987914,0,60.43819699,-85.46039761,15.13570881,-10.05769169
1yc4,-37.86474754,2.571928275,-2.391811309,-30.23062035,-0.347071657,22.9348671,-42.5751877,4.197435934,-9.049159416
1hn2,-4.870821914,2.063822891,0,-28.97734504,-6.739175457,17.64953043,-37.87711568,1.442995363,-8.289306335
2er6,-170.5444353,7.233736613,-13.48309672,-67.97774976,-0.167315947,154.2379817,-90.0383909,25.98286886,-9.974798623
1ez9,-111.8464523,1.364072927,-7.608528146,-39.69838295,0,61.1416839,-51.43849436,35.91524654,-7.045910385
2aoc,-103.5487462,3.482719139,-13.27014266,-78.49281538,0,25.75461408,-100.7081766,22.02986524,-6.755784663
2hu6,-46.09096889,3.862759902,-1.907560987,-31.30670161,-1.356789999,51.9101266,-46.12386314,6.240927688,-5.263709523
2aog,-126.3683401,1.659675597,-13.53975736,-72.83177318,0,30.17433915,-89.33495275,21.07162733,-8.67614063
1j14,-309.9419531,1.268664015,-7.38832482,-11.87808649,-0.19227592,319.0375222,-24.4001768,1.833040281,-6.203164241
1ik4,-89.21710433,3.866253931,-14.21588566,-4.38507079,0,79.95368627,-4.877387915,4.405381383,-10.23729332
2ca8,-81.44999563,2.380419363,-8.13819335,-14.66542521,0,48.08359641,-23.80333462,6.06311544,-6.43802792
1str,-91.21352303,3.693638571,-4.678315779,-31.08682938,-0.46660437,43.31259043,-56.76800362,25.3501553,-6.589998536
1sts,-96.77999583,-3.454623241,-4.857579042,-30.01393351,-0.526962942,37.87606866,-44.90839016,33.68226471,-6.907755279
1qhc,-193.7686358,13.03037399,-18.76430614,-11.12937242,-3.157445536,164.7115588,-48.71268468,25.52185803,-10.45834149
1f9g,-19.64005396,-0.646752424,-2.292111546,-10.67138368,0,16.17373893,-16.9243175,0.754854909,-1.768385351
1w4o,-114.7768192,-0.155743718,-13.07206144,-6.790163772,-8.19E-07,93.99177163,-31.42961445,4.207216416,-7.211696511
1v2r,-277.9399096,4.623952506,-8.351911604,-30.39352228,-2.185454485,277.8023049,-43.22232659,10.61109454,-4.904506248
1vyf,-71.5590283,0.371478497,-6.151366957,-55.9041841,0,64.82514816,-46.58704947,9.559824765,-11.121486
1vyg,-74.59913098,0.166349854,-6.296448522,-66.18811071,0,61.18561937,-48.60355592,9.115232282,-11.05240845
1upf,-25.27732074,0.456902804,-1.20413551,-7.53487208,-2.453837258,8.832640733,-20.26047532,0.72428355,-6.355134857
1caq,103.2434045,6.662499277,-1.831874708,-51.47247442,-2.427803669,-34.89284506,-68.12182677,11.77703814,-10.66557415
1o36,-47.8188744,5.494038395,-3.861653364,-23.58243476,-1.916814487,91.08123095,-40.28543706,9.503079534,-8.234044293
1i9m,3.188527025,3.526375824,-1.81642026,-19.70309712,-0.907087625,0.631641149,-31.57172801,6.682935033,-11.71555295
1i9l,-2.143643223,-1.022362217,-2.445591036,-19.46574803,-0.735164647,-7.299252593,-28.88443738,2.246286032,-11.71555295
1i9o,-12.8946521,2.942980235,-2.41394388,-17.40514426,-0.000957228,1.776200514,-23.3174213,9.792117548,-11.63265989
1i9n,-11.0905371,1.782373605,-2.180712246,-17.35910581,-0.000410652,-1.655570488,-24.46557364,5.050472107,-11.96423214
1i9q,-14.64660948,0.278297569,-2.496646472,-18.49238023,-0.625846626,-2.25886087,-28.93759517,2.707665567,-11.61884438
1i9p,-8.953484674,4.1786968,-2.448516111,-13.12455126,-0.07188836,3.227679319,-24.51975068,5.923050331,-11.61884438
1wm1,-15.86049324,2.314274468,-0.646053956,-26.89984639,-1.146546048,27.04925729,-40.23644149,2.181270162,-8.703771652
1hnn,17.01134471,1.154120706,-1.765094871,-24.35481536,-4.452273749,1.34685812,-35.91317308,1.036047788,-8.620878588
1hi5,-146.8440954,2.834112845,-15.30445518,-3.433897413,-0.756091078,135.7419504,-28.17341419,11.23084471,-5.581466265
1a94,-92.53661994,8.912016888,-9.696775587,-70.11311748,0,74.09758916,-98.89954187,25.94437979,-10.84517579
1ikt,-10.79514973,2.513758815,-0.247909382,-71.84867593,-0.110300833,12.17341328,-60.36120978,4.27790225,-4.69727359
1c70,-48.75788876,0.420528672,-3.226662633,-78.61689512,-0.691154262,60.60692676,-90.91328855,20.09042533,-14.22997587
2mas,-119.6491991,5.344693186,-2.626145804,-25.19905604,-0.564654722,132.4071015,-33.99406519,10.94635735,-10.38926394
2h4n,-12.70037128,0.369352859,-2.24660714,-11.00378204,-1.95153856,4.687344703,-29.40205892,0.006436959,-12.01949419
1oe8,-80.28903319,2.551515871,-8.712825227,-13.57359783,0,47.16110611,-27.56188117,4.151037392,-7.626161828
1mq5,-47.44387973,4.104477603,-0.313862881,-66.09877978,-2.504434447,96.48070856,-69.94532721,4.279561839,-12.4339595
1m5w,-56.29098663,4.407755449,-15.41840076,-13.70806041,0,65.79972878,-22.68065287,5.332005475,-5.899223008
1wvj,-56.01455413,1.086630716,-4.925564274,-33.48044532,-4.00E-11,28.14670085,-37.77714185,2.206817713,-9.297838606
1gah,-233.9488804,7.8503005,-8.643936127,-49.67710827,0,167.3616708,-52.45940522,22.24433754,-16.57861267
1t32,-251.624906,0.548433493,-5.498167915,-36.43366896,-4.336290402,274.1529544,-64.1274277,3.455522751,-10.25110883
1ui0,-28.9088417,1.569127689,-1.571254358,-6.44982335,-0.859377968,5.53811748,-20.28075181,1.898561871,-9.753750454
1t31,-176.0480532,1.269368069,-10.56750682,-34.14036105,-6.118410607,181.4211503,-57.94465168,2.765061558,-11.93660112
1tng,-98.90732537,0.7883337,-1.422123157,-25.09572619,0,120.3786255,-21.42798656,0.74578314,-4.047944594
1tnl,-102.1984102,0.593675621,-1.787794439,-20.33828323,-2.00E-10,126.6096923,-23.206865,0.72278362,-2.597315985
1tnk,-97.79901263,4.085460517,-1.012559227,-21.55000102,-2.59E-06,128.4187127,-24.42876986,4.866460628,-2.058511073
1igj,-16.153683,4.72392594,-0.452484388,-69.8158969,0,27.5941495,-52.21014032,5.743818973,-13.81551056
1c87,-142.5729488,3.732205915,-11.21561887,-21.52683545,-0.971328855,134.7589632,-35.88529899,2.65554524,-5.802514434
1gu1,-23.79736518,-0.377032331,-6.422122504,-20.63091988,0,7.345019281,-24.45277221,4.443941618,-6.244610772
1utn,-72.66765498,0.439308059,-1.409455582,-15.46011676,-0.21384729,102.7387601,-18.06767875,0.61301,-4.821613185
1gi8,-219.0117206,3.172054169,-3.434854511,-13.79339342,-1.550968172,239.1121024,-30.39265087,10.41457494,-6.976832832
2cht,-51.5092181,0.603098469,-12.17969603,-30.17599842,0,35.1817514,-26.66741554,1.751942109,-7.626161828
2f35,-101.0799842,0.601699289,-8.762351572,-14.42266698,-0.169793408,70.8352117,-33.39542057,2.636616096,-7.460375701
1utl,-149.4012603,0.523688107,-0.995337755,-18.19636559,-0.77502305,183.7760829,-22.66388001,0.834829149,-3.412431108
1a7x,-53.36394367,1.965956135,-2.726470651,-69.85841071,0,25.65211181,-97.94037186,9.762847632,-13.40104524
1utm,-143.2945454,0.334140076,-1.010191559,-16.61902814,-0.4574949,178.0072484,-19.97210382,1.184947108,-4.158468678
1fm9,35.13365674,-0.866852053,-1.577945148,-65.72814818,-2.224089828,-40.91223389,-74.91651791,26.72120109,-12.4339595
5abp,-69.40946828,2.16431555,-5.679071584,-17.70838715,0,24.58293976,-18.07299512,1.853543559,-9.173499011
1b8n,-57.42371552,1.557612975,-6.351724537,-27.86174779,-0.943896703,35.76731687,-42.44103668,10.88459364,-14.53391711
1qan,-46.97153074,5.901176635,-6.346789677,-31.73758948,0,33.11260007,-64.71387519,13.04551253,-6.18934873
1qft,-151.3406635,1.627322726,-1.783269019,-14.92044951,-0.779476657,150.8592487,-20.62401201,1.895379938,-12.11620276
1o2h,-207.1709113,3.006328576,-3.247645567,-29.67445496,-0.633082472,243.1657893,-32.8072873,6.705595953,-9.90572107
1b8y,96.39756862,2.968647277,-1.278150671,-44.35396696,-3.507529606,-61.36865276,-59.84408145,8.417990656,-10.84517579
1sqt,-231.9616121,4.447393062,-6.915879864,-30.0797498,-5.36E-06,245.0677496,-48.63705966,5.897960751,-8.565616546
2fw6,-315.4470966,-0.479712337,-12.86864205,-10.68946426,0,296.5560116,-13.08500222,3.532004673,-4.034129083
1ws5,-47.42782706,-0.513329134,-3.974119532,-18.89374905,0,15.3717906,-15.90011037,3.059853241,-4.186099699
1eld,-19.96335571,-0.076987835,-0.815035878,-28.35354039,-0.292817064,26.26722991,-45.70654209,7.374436647,-9.256392074
1ele,-28.82558686,0.219461534,-1.265717942,-28.58151384,-0.545312519,27.40801613,-48.26943007,4.433277429,-9.463624732
1elc,-91.69480441,10.73898818,-1.683764713,-39.12010534,-0.226602355,113.4072996,-56.95973416,16.55866794,-9.201130032
5yas,-23.62029868,1.136983188,-1.053569602,-8.6422783,0,-0.552547009,-11.80938447,1.028824575,-4.503856442
1ws4,-40.23207194,0.103450381,-2.864664352,-18.1495337,0,12.38894662,-17.60245567,2.037809631,-4.144653167
2dw7,51.07037604,5.81458249,-10.09153457,-3.6232067,0,28.11543379,-11.61500613,6.099597292,-6.493289962
1br6,35.25741383,3.29845463,-5.462616486,-16.39829409,-5.393974451,-43.94923612,-38.35400397,9.41368486,-4.4485944
1tx7,-188.6056338,1.565628467,-10.74147254,-13.64795067,0,176.8872095,-24.74525115,3.150772583,-6.355134857
1sqo,-191.6877639,7.750560136,-7.693733373,-22.4053553,-0.0942071,218.7613196,-44.52266439,8.647533886,-10.30637088
1elr,-350.933035,0.464083473,-21.5455964,-22.20586153,0,273.6745983,-41.71306588,16.61197109,-6.852493237
2fpz,-15.88548986,1.433140291,-4.36491312,-12.6648201,-0.944034757,60.19888389,-28.62444645,1.561795699,-5.470942181
1n3i,-65.08673662,6.531391385,-2.840527415,-35.24724545,-0.282609674,27.93886971,-40.66969032,7.759725432,-12.28198889
1hmr,-47.9794194,-0.221550867,-5.832428443,-58.27287382,0,39.30184772,-45.29360162,7.548485725,-9.049159416
1hms,-45.98602598,0.328173961,-5.776486473,-54.70385145,0,40.00025069,-43.69062514,9.808806466,-8.800480225
1hmt,-51.23590401,0.711964305,-5.763441761,-56.85497465,0,42.99345567,-46.62220687,6.312793243,-7.999180613
1g1d,-6.208294381,0.101732409,-2.152169794,-20.37994155,-0.844193894,-1.333840184,-31.8677651,2.481430864,-13.04184197
1fjs,-99.37416328,-0.472355241,-9.389112958,-30.96604425,-0.707451443,125.5406377,-50.84783434,17.14549881,-13.76024852
1ppc,-310.4424925,5.077304615,-9.045614973,-33.27863304,-0.129987681,314.286789,-52.41755321,8.968826994,-8.510354504
1ce5,-221.7995628,1.064050027,-7.489646044,-12.63657972,-0.306807621,226.0260495,-23.31229858,1.774909689,-6.548552005
1v1j,-24.00812293,0.02241003,-6.589298087,-21.11178579,0,5.194744228,-24.1300689,6.5726207,-6.659076089
1o3d,-236.2761457,1.296033744,-3.521111231,-21.31509162,-2.844988858,255.0049806,-36.78385351,5.685908982,-9.850459028
1l83,-1.330671117,-0.0009283,0,-21.06230017,-5.72E-08,2.738306381,-20.00700409,0.042421955,-4.69727359
1tsl,-33.35778199,3.591438459,-1.633572618,-27.42488872,-1.542096797,32.47661438,-36.00634173,4.590241525,-8.496538993
1o3j,-217.5047575,1.94320019,-3.017350255,-18.5364081,-2.036161201,237.7119172,-32.46036246,3.981618124,-9.353100648
2byr,-28.88717757,3.009853067,-1.288576145,-75.33549515,-1.906139534,75.05156214,-76.28422803,6.487890262,-11.81226153
1okl,4.823844133,-0.089631107,-2.991375517,-18.73896142,-0.461258179,-2.521987444,-25.82902756,2.119670958,-8.330752867
2c97,-44.9647102,5.903837611,-12.41989375,-24.08120768,-4.983108821,29.74530397,-25.84165317,4.742165041,-8.482723483
2c94,-80.64196657,8.335610471,-13.51059681,-35.44892224,-9.638640678,47.58789461,-54.64364,21.43072377,-9.422178201
2c92,-55.80477751,7.131896132,-14.5443481,-32.90070184,-10.73478734,31.52235324,-41.20172444,16.25784345,-7.847209997
1fcy,-41.36196853,0.546728416,-5.452115531,-76.52891837,-1.660242326,33.55871859,-69.24263066,1.728760116,-11.770815
1f5l,-208.3999238,3.542824114,-8.321132787,-14.5487358,-1.05E-08,197.2355413,-28.58123901,4.562531313,-7.294589575
1yid,-121.7904325,12.13142669,-14.03617272,-8.626147995,-1.181118056,122.1851967,-38.98965948,12.75614267,-6.907755279
1o30,-62.22667124,7.11094057,-3.782073305,-22.06227896,-0.469783919,89.15531673,-32.3517384,8.898083086,-9.353100648
1o33,-222.6451944,2.327497937,-3.189414103,-15.07783312,-2.57045795,224.8916477,-26.53988374,3.563955719,-7.93010306
1m2x,10.87710723,2.493792095,-5.603204844,-15.30835814,0,12.08973034,-19.69677467,5.11276731,-5.733436882
1owh,-245.5539863,3.193263258,-8.736496174,-22.81269446,-0.106877332,264.0215947,-42.0191062,3.815208526,-10.22347781
1i5r,-98.59295165,9.924367505,-6.743969261,-90.89896743,-1.002904952,43.76119733,-99.04680087,20.56888227,-11.770815
1owe,-200.0145878,4.288804809,-7.997401652,-19.59282156,-0.124641456,213.3629306,-37.49214542,4.770563252,-8.565616546
1o38,-301.2657846,5.144001014,-3.612107062,-24.54680075,-2.709019054,312.9336679,-39.43877226,8.177414271,-9.422178201
1m2p,-16.02721948,0.79777285,-2.527350316,-24.62646688,-0.096046173,0.522670467,-41.65820519,2.101440231,-8.441276951
1m2r,-10.73778137,1.23992537,-0.654108141,-29.19419478,-0.654073993,11.06766519,-39.74839403,1.791900431,-8.92481982
1fj4,-15.67158242,0.600265475,-0.700975922,-43.53634818,0,15.63030817,-42.54922204,0.959337218,-6.341319346
1njc,-11.55433952,1.550946835,-20.38510627,-14.16587691,-0.308815591,-1.864823831,-25.55845292,3.412432838,-7.66760836
6tim,-114.3880224,3.550645161,-9.579729289,-12.14755158,0,112.2921061,-13.39112439,5.265273453,-4.434778889
1pot,-294.8788804,3.915379529,-3.504925142,-34.61118721,0,260.993486,-23.01453226,4.710619464,-7.584715296
1grp,143.0591987,4.64309557,-18.85462803,-6.28804273,0,-95.08934468,-18.6666783,7.26384423,-5.139369928
1njd,-16.41597795,1.284875841,-18.5975797,-13.48489281,-5.45E-06,5.641592688,-31.27185643,2.066094587,-7.695239381
1ceb,-88.08985337,0.918086366,-9.517910993,-24.44047437,0,69.94124841,-12.05189597,1.233738966,-8.289306335
1cea,-70.98926638,1.743472215,-6.275186045,-19.22760172,0,60.84588942,-16.43459441,1.500682201,-6.852493237
1utj,-117.7844204,1.534909537,-1.470511297,-14.3579723,0,144.435528,-15.00537345,2.469139671,-5.305156054
4er1,-45.72424695,6.911568939,-2.875238423,-88.46557228,-0.785030302,113.0613904,-101.8598754,20.04483389,-9.145867989
2f7p,-109.0726128,0.320124506,-4.519731356,-25.85261873,-0.228564251,184.9905907,-39.14820482,10.63031755,-9.118236968
1erb,-5.238463812,1.508525825,-0.070323518,-96.55342245,0,22.53050731,-65.55116371,2.725336518,-11.19056355
1jfh,-47.06419874,0.741163452,-1.949905049,-32.46418521,0,35.13225263,-32.03982431,8.120417674,-2.832179664
1adl,-61.99936262,3.38519844,-4.253599002,-47.42587022,0,62.33547369,-45.58075155,17.8513729,-7.405113659
1izh,-70.09470474,2.827557362,-6.851250144,-69.82838321,-0.738942263,60.34274436,-90.80553283,12.69899812,-10.63794313
1r6n,8.109336903,-0.338767019,-3.16660829,-33.91483845,-4.627032385,-4.322797078,-46.01723904,8.20600489,-10.22347781
2bza,-75.61062161,0.350030588,-1.343442351,-15.01373575,-0.817361298,110.0927539,-16.13095477,0.499268666,-3.868342956
1ucn,-33.78439166,4.254872815,-16.8021054,-15.28868439,-10.95157325,49.73716067,-36.43678412,11.91652508,-7.211696511
1xd0,-42.36951497,5.073396325,-7.558121283,-60.07391814,0,74.15693322,-77.82540566,19.2496882,-9.836643517
2f7o,-146.9133029,3.279566413,-4.104689425,-22.01333581,0,204.0848978,-19.20047854,-3.937581205,-10.27873986
1ghz,-230.5632785,5.063280309,-3.592655563,-14.2563139,-1.817565935,213.9456637,-26.01599067,9.959673159,-6.631445068
1hvr,-32.67532317,6.297465697,-2.545387189,-73.89229394,-1.580741198,43.49081808,-85.55758809,17.50327039,-13.13855054
1mrx,-33.32524469,0.614458171,-2.986841018,-69.68696502,-0.005397836,44.38773809,-88.73839476,7.740511085,-10.03006067
2iuz,-34.5213007,5.542578649,-1.14072738,-25.42616952,-27.3476148,24.5887282,-63.46470196,5.169352889,-7.66760836
1mrw,-34.93915852,-0.727396171,-3.04077693,-71.50241007,-0.144503777,42.29244508,-89.16753907,6.679019417,-13.40104524
1mrn,-130.806651,15.16664512,-19.50597944,-33.88983235,-6.545261953,159.4576045,-75.42720219,15.34683093,-6.244610772
2bqv,-42.29559126,3.413198092,-3.115395608,-69.77295385,-0.047491973,47.14296663,-87.59258246,11.98318782,-11.121486
1hvi,-43.55649719,3.212487777,-3.661674398,-81.52495675,-4.823142014,62.8682755,-106.7640132,24.20741808,-15.08653753
1hvh,10.20612343,5.018104182,-3.662667223,-62.38191339,-0.000502257,-12.07168298,-73.50075259,13.14075417,-10.9971464
1hvk,-54.86991259,4.516229793,-4.229873571,-82.97978394,-4.45380939,66.53860956,-104.8425616,10.65058788,-15.14179957
1hvj,-58.15443996,7.697751345,-2.891377729,-82.52130054,-4.997070624,65.79943414,-102.2821465,13.16974441,-15.74968204
1hvl,-63.34561314,9.913871361,-4.054831955,-80.16928861,-4.960441048,66.31862069,-100.4004642,14.20612098,-13.74643301
1oar,-50.49359598,0.164049309,-3.311831978,-27.46268834,-12.24510568,45.86874827,-35.14703764,1.546529943,-10.22347781
1hvs,-36.24968794,5.833991209,-3.289944834,-74.69072691,-4.206631414,64.07690577,-106.1827907,26.41589079,-14.22997587
1pbk,-58.95876279,4.313460137,-3.57479092,-48.28419992,0,38.46901565,-60.43419919,23.7204745,-12.50303706
2gst,-138.8610895,7.933344148,-12.83980517,-44.84588573,-2.085286479,72.79791201,-50.55932565,12.88671721,-8.386014909
2gsu,69.15882172,0.875056296,-7.632187486,-13.26566499,-2.931549664,-9.105582421,-32.86898848,10.29044517,-4.95976829
220l,-2.194912277,0.022959262,0,-20.45196247,-0.209156845,2.604054851,-17.97204966,0.094071314,-4.69727359
1owd,-219.12752,2.827174975,-7.634712799,-27.30174884,-0.301081368,241.8237105,-41.74024853,3.267643615,-11.32871866
1qbn,-159.7614592,0.79334434,-11.1377079,-22.14331131,-2.52641613,175.9806595,-46.70554247,8.552609458,-8.082073676
1qbo,-390.0953956,2.83746064,-7.955993809,-35.94500091,-0.424273501,401.3280563,-50.94629102,6.097158466,-10.69320517
1vjc,-42.5977019,9.948420609,-11.26459533,-14.95152081,0,46.07234127,-51.59040328,19.43380858,-4.94595278
2iko,-47.60293082,4.132600785,-9.661789743,-34.88132656,-0.991193565,37.55610453,-45.5099764,3.293171376,-7.529453254
1vja,-305.7724876,7.24007683,-10.47605932,-27.52686766,-0.250497054,282.2970301,-46.95253958,17.79222902,-10.63794313
1vjd,-153.8242656,9.111503626,-16.90829071,-14.33808088,0,145.0942465,-52.24282293,20.52058651,-4.890690738
2bq7,-32.01824686,0.36263009,-1.248869473,-48.28752904,-1.224670855,85.05965199,-58.67466898,13.27109751,-9.739934943
1sc8,-280.5984269,5.69421108,-8.995655936,-27.44251899,-0.75654741,263.4466929,-47.92986027,13.5674649,-10.27873986
1usn,79.45199867,2.666505618,-1.421268469,-18.91716076,-2.884760558,-34.85130482,-41.82495208,3.905351872,-10.69320517
1h2t,-80.73216951,6.028284154,-15.42694805,-27.76883639,-10.44741699,76.18599622,-62.26827395,11.58498024,-10.90043783
1qbr,-46.00119061,-1.246308934,-4.293724888,-69.16809286,-0.048739173,51.23271702,-98.32569321,9.883457856,-14.60299466
1qbt,-56.37841489,1.781149424,-5.586762406,-66.62419348,-2.27E-05,56.34330463,-104.1845515,10.2135537,-14.67207221
1qbu,-36.38248361,0.634115732,-3.223437211,-64.14543417,-1.73E-07,40.28598639,-78.12468972,6.739291669,-14.14708281
1g2o,-106.228594,4.628937812,-2.419256433,-30.38137851,-0.529252539,90.10553863,-41.25453166,8.275204214,-14.57536364
1lpg,-251.7170668,2.807666848,-6.463672461,-47.60484817,-5.266620644,296.3940432,-64.862909,5.507381372,-9.795196986
1gz3,-115.2376978,5.783331678,-15.41763264,-9.733795252,0,138.3329893,-44.23620988,13.79858862,-5.111738906
1y2f,-78.47669497,1.067043698,-2.108531187,-32.50355659,-3.559873916,66.00462706,-29.62031319,2.183691214,-6.797231195
1qin,-21.06585042,3.765128632,-8.281878823,-48.17949386,-0.12345861,7.007669363,-44.33205597,18.41728215,-11.05240845
1lpk,-268.2900163,7.044455834,-8.136467892,-37.03175097,-2.53381491,298.1796791,-53.75305538,12.77554767,-10.43071047
1meu,-37.4300338,4.471913858,-3.481119586,-61.78386472,-0.802972358,42.90402505,-73.84062413,17.36035369,-8.42746144
1li2,-15.02279435,0.375230399,-0.474887123,-19.93110335,-1.93E-08,5.950418534,-19.66361336,0.341142089,-5.581466265
1kdk,-22.59591399,0.65284011,-1.938027009,-71.74139845,0,12.04089607,-53.34112074,0.938118063,-12.50303706
1li6,-7.952407955,0.27123236,-0.236064298,-19.71737983,-6.70E-05,6.210897897,-17.81395555,0.203979615,-5.249894012
1gz9,-122.866477,1.242931371,-6.115483016,-27.28641672,0,56.27211121,-28.44189539,12.16461139,-4.849244206
1bv9,-48.39731781,-1.230422314,-4.51705349,-67.37117827,-0.288414865,49.99442452,-98.85839643,11.43261504,-12.37869746
1lpz,-163.8367555,0.425846636,-6.405544559,-47.41805064,-5.23753149,209.6602087,-58.49475592,5.25875955,-10.49978802
1mrs,93.50857699,3.694024055,-14.55473501,-25.31907624,-2.429351353,-78.44334832,-39.64312989,10.23353892,-5.470942181
1bv7,-55.34891283,0.084418764,-4.416413271,-68.39299999,-0.97274653,51.81080535,-102.4247734,10.42888306,-12.84842482
1epo,-52.97875573,2.504701373,-4.395095556,-55.21834469,0,81.6946747,-81.81917754,10.43595524,-10.9971464
1qiw,-336.1367707,2.035628589,-1.188600083,-87.61029846,-0.989278929,329.3576524,-66.65344632,8.986363569,-10.69320517
2f8g,-13.58856769,3.401964132,-3.368545394,-59.6570979,-2.52E-05,14.55480683,-80.07244694,4.646402913,-12.01949419
1os5,-35.8190808,-1.914762033,-2.155309036,-51.18760365,-1.842069999,25.29360447,-51.13781073,16.16583027,-9.463624732
1lf2,-41.35356334,3.68007109,-2.414615433,-59.28859151,-0.852118702,59.7264188,-69.02139046,9.752186918,-10.38926394
1lf9,-85.69055357,8.857364949,-6.938745618,-44.86165538,0,69.65127033,-50.36437736,19.93072516,-16.57861267
1vj9,-284.7823079,5.933415487,-8.697337464,-35.11266696,-0.496145304,291.0946147,-62.58161688,17.31695084,-10.43071047
1v2j,-207.9709466,1.15677775,-7.255544944,-12.84762943,-0.37690651,206.3138373,-22.78662014,1.671166877,-4.490040931
1cin,-34.41079988,2.50053003,-2.908180428,-21.83937733,-0.412193531,16.14675737,-34.34308041,2.930136004,-12.06094072
1cim,-45.02214751,2.176838085,-3.271130028,-20.15363698,-0.761474485,24.26792202,-28.31475994,2.632804349,-12.18528031
1cil,-53.17809722,3.859253486,-3.088333787,-22.64833473,-0.734374624,38.57883058,-30.80144933,4.362034591,-13.02802646
1zpa,-15.67302824,2.998311412,-3.834705552,-56.86772445,-3.51E-06,25.98000672,-83.60979201,10.87573453,-11.60502887
1dif,-63.76318339,2.725971038,-4.624091171,-78.14152776,-4.471126365,67.76023077,-113.570037,25.81657806,-14.72733425
1y20,-33.7552865,0.323543294,-4.136954937,-14.9398907,0,12.93221599,-12.71108195,0.5920007,-7.349851617
1gzc,-96.22325147,-0.302099854,-4.697149245,-19.81504806,0,41.36194575,-18.86211413,5.491220764,-4.821613185
1qb1,-157.7774784,-0.220504435,-8.972208537,-27.52411133,-0.186080991,170.7373434,-45.37725569,9.925186256,-9.353100648
1n8v,0.867428938,2.876957695,-0.662664299,-66.34558017,0,16.33822069,-41.77506795,3.096074247,-8.330752867
1oss,-181.5058802,2.502596565,-7.277848077,-12.48135001,0,169.0303379,-20.90566337,3.628533249,-6.617629557
1fq5,-74.43542068,-1.76663726,-3.500299233,-72.95997213,-1.421747855,74.8294767,-93.98786426,17.46728029,-11.60502887
1j01,-49.09467517,0.969122743,-3.863097145,-19.14592227,0,41.48578921,-32.46446702,3.53021711,-8.938635331
1ec9,9.119918851,3.177306859,-10.63413407,-7.52260317,0,-0.846555149,-21.67469428,9.722037044,-4.282808273
1we2,-178.1226096,-0.974221801,-7.812956035,-22.635076,0,164.6243796,-23.08702601,3.716974004,-6.023562603
1jmf,-3.311394611,2.223737011,-15.65758817,-13.25344032,-0.026154901,8.173550997,-34.12132028,5.731478479,-7.971549592
1jmg,-23.21700012,2.765251584,-18.16435981,-11.97663866,-0.705673172,3.773383694,-25.06639571,3.806078843,-8.386014909
1uxb,-94.2631904,-0.94030807,-6.887676632,-16.93858053,0,59.31369139,-27.09248918,7.561823402,-2.97033477
1uxa,-135.4154612,-2.891642487,-7.590332126,-16.5073528,0,82.1849387,-21.90810302,7.004169086,-3.177567428
1jmi,-35.21865911,2.138812161,-18.46070724,-13.23917334,-0.021285862,26.39834217,-36.94261624,3.074749933,-8.372199398
1ugx,-80.03118358,2.255817991,-5.129215551,-22.77739829,0,30.05038299,-24.45655852,17.65565778,-8.16496674
1jzs,-11.79661178,5.178058957,-5.092466852,-62.88165725,0,23.90267924,-70.90272429,12.20612745,-9.118236968
1t7j,-12.12036676,2.89436841,-3.836132684,-56.30195488,-0.335544153,13.42006174,-75.91614806,5.379717105,-12.01949419
1ofz,-50.99097668,-3.196317504,-4.764743608,-16.30031883,0,17.80067332,-14.80810804,5.629214325,-6.382765878
2bt9,-24.47082264,-1.601239331,-3.425242187,-20.96284909,0,10.71286813,-22.37661512,4.601141735,-8.551801035
1ct8,-96.86309905,1.595081214,-6.584818235,-34.00681093,-3.34250555,74.81589413,-54.53517454,15.08124658,-9.007712884
1hih,-65.39566367,4.286392414,-3.040910039,-67.31880717,-0.115815183,56.56422601,-84.41319221,15.22056913,-11.121486
2arm,-35.60317557,1.698022664,-1.571488694,-16.66715221,0,36.4390503,-26.74732963,3.112680864,-11.23201008
2bvd,-49.62840564,4.086918465,-7.952850594,-24.87948206,0,51.8801733,-31.89148582,12.6998092,-8.289306335
1a99,-159.1500023,1.450953056,-2.797914335,-21.28640903,0,133.5280848,-16.17896658,1.692604581,-7.874841018
1sgu,-43.40379207,1.572122514,-4.617514988,-71.91479612,-0.764952767,58.79131945,-87.78457613,14.86992429,-7.41892917
2j34,-47.36953374,4.882988545,-0.929934295,-53.85977818,-1.00E-11,75.86703475,-65.10212362,6.800183752,-10.80372926
1msn,-32.69891155,-0.556643665,-3.083230269,-71.9477666,-0.122662379,47.38666272,-90.47167866,8.481012003,-12.5582991
2aac,-42.22562314,-0.942559197,-3.872912722,-22.73710796,0,20.70799567,-23.21823539,3.57042244,-3.067043344
1h1h,-287.1405987,2.285596899,-18.98878606,-1.236659935,-0.418481955,285.9395508,-12.60102996,4.091077693,-7.211696511
1e4h,-0.532352607,0.724773422,-0.000273146,-46.580354,0,6.354773739,-34.79917861,0.705626352,-11.61884438
1efy,-36.36738788,1.290153846,-1.689065134,-19.51800636,-5.702584472,23.67845712,-41.8440034,1.090222993,-11.35634968
1g46,-9.32707739,1.86693546,-2.209336937,-17.96872082,-2.53E-05,-0.681209225,-21.77235782,5.702232898,-12.15764929
1gcz,-20.62853678,1.497578066,-0.967230025,-32.05015199,-0.521632724,14.02999801,-39.38614406,1.509171183,-7.087356916
1xhy,-125.1002647,4.347946486,-14.20960425,-25.5198752,0,127.1726164,-31.36921127,5.634614337,-8.537985525
1c84,-94.02697581,4.46069084,-11.46984732,-14.78089895,-0.482708153,98.15746973,-34.05442698,3.36855417,-6.907755279
1c86,-122.9026033,4.22651856,-11.84649239,-20.20255705,-0.588636219,117.7372776,-35.49270236,3.730482402,-6.493289962
1d6v,15.46724245,4.950126422,-2.036027866,-45.2349261,-3.321258278,5.106286254,-52.72068775,4.323572669,-8.524170014
5er2,-66.5316516,8.35980967,-5.853491306,-81.00183251,-0.000166987,109.5605369,-99.17337792,29.7413608,-9.076790437
1c83,-147.6186626,2.895866349,-11.01860491,-11.88067451,-1.456379306,137.1793734,-33.27501984,1.873697128,-6.700522621
2ans,-62.19382415,2.557420229,-4.56345217,-29.28243388,-1.658080332,59.89611291,-41.17465821,1.460275552,-8.17878225
1pfu,-18.12049454,2.954243636,-3.819855661,-26.70793397,0,16.82368101,-23.30417718,2.172925395,-3.757818872
1eix,-79.95075171,6.541137145,-18.57537445,-18.16734136,0,65.74383523,-26.54030625,13.49260207,-15.27995468
1tvo,46.75365998,2.916250469,-2.284545795,-23.56749857,-1.341831715,-70.57884134,-45.37302447,6.115413688,-9.463624732
1o0n,-115.399674,5.304331953,-14.33560094,-6.19943499,-0.002712729,81.77267786,-21.1162606,8.263673389,-5.650543818
1o0o,-209.1337679,6.77045372,-23.31716566,-3.830101222,-4.735608783,168.8205872,-1.208940563,13.43036361,-7.045910385
1z3t,-76.03827586,3.918299969,-5.857094099,-22.99846238,0,81.05313953,-34.15400221,9.557864256,-5.44331116
1z3v,-72.02709782,1.344445398,-7.118937683,-21.43689054,0,65.07687942,-32.87011874,4.690945614,-5.678174839
1o0f,-232.0314702,8.416121923,-24.10024172,-7.060221204,-4.647928398,191.2741118,1.716609729,16.62804729,-7.322220596
1ezq,-259.7478919,3.272934933,-8.239786989,-46.63054919,-3.730863926,312.6488803,-56.82069414,9.824614575,-12.50303706
1kmy,-28.62404444,3.192465172,-1.870942362,-20.4728785,-3.304281681,11.06046267,-28.35064146,2.123698329,-7.045910385
2a31,-293.0572608,1.935516195,-5.379994621,-15.79236932,0,264.7019962,-16.78156362,1.227621991,-1.395366566
1h6h,-162.0781131,4.44531852,-20.48884113,-16.29339562,0,144.8644547,-18.1040468,9.720655106,-7.322220596
1hi3,-244.329886,3.432875812,-19.31457621,-2.337769505,-4.451328635,217.6591444,-20.51978606,5.204413119,-5.788698924
2fxv,-99.17340581,5.392252422,-10.48360915,-14.43134888,-4.77194138,86.52227434,-38.89334316,7.123377866,-7.391298149
1rd4,-1.768108388,0.875164817,-0.002816369,-54.03369506,-0.7441015,14.24744906,-66.27901074,4.374789955,-10.69320517
1lee,-40.32344788,2.179765156,-2.152745374,-59.67150504,-0.725922535,57.64067689,-72.12110201,4.966137051,-10.69320517
1j4r,-13.46772647,1.419573429,-0.482621933,-48.84744139,-2.778130662,11.11044383,-57.43647105,4.054320383,-10.66557415
1sw2,16.84845872,-0.049891868,-2.316769889,-19.77202837,0,-17.13540226,-26.22029972,0.531430592,-9.974798623
1afl,-143.5943639,10.92820408,-20.18685974,-7.752132022,-1.538307911,123.3948594,-20.98881566,9.414898322,-8.67614063
7abp,-38.57842896,2.202306565,-4.528114865,-18.19619704,0,15.42102507,-23.29774309,10.92355852,-8.92481982
1afk,-224.9591551,8.146091035,-22.79577695,-8.62033962,-3.587076933,190.653987,-25.21465211,8.655841014,-9.145867989
1nc3,-27.39308686,3.154129399,-7.274836396,-33.35195057,-1.292008715,22.19796802,-49.89597712,7.640280811,-6.907755279
1bzy,-104.0476209,16.98148857,-13.04507379,-26.20947115,-4.058190111,101.0860339,-29.28554247,15.68682037,-11.52213581
2fx6,-30.75324922,1.540810083,-1.772672893,-12.77206204,-0.001369896,65.2547651,-29.33036864,1.763488938,-5.111738906
1dud,-38.91335383,6.518929323,-11.98564231,-14.21807504,-0.000175717,27.15018274,-38.78275196,4.228080914,-6.659076089
1c1r,-216.3982991,8.586959066,-2.843092201,-20.49947896,-0.352106737,307.8424268,-32.30878655,11.65477789,-10.54123456
1bq4,-584.6954478,2.709374886,-28.61695845,-3.96567032,-0.138416716,566.696849,-19.5246091,4.539676532,-7.211696511
1bzh,-153.3558189,16.12525357,-13.05776624,-25.80645141,-0.699736223,163.5711918,-49.15810921,28.89336439,-9.353100648
1r1j,251.8264012,9.32624003,-7.040515329,-29.863267,-0.75889765,-172.1728235,-40.52871911,12.81596813,-11.93660112
1r1h,74.46246728,5.759977795,-9.308995169,-44.85212815,-2.281303215,-35.27336023,-42.17966756,15.60880443,-12.32343542
1bzc,-168.7408196,3.273409796,-12.87996754,-28.5272798,-1.175281038,166.9814651,-38.35865058,5.118854586,-6.797231195
1af6,-68.88624648,3.172091178,-9.659078318,-20.58276118,0,32.80084743,-22.12286175,8.837148832,-2.514422922
3aid,-3.73252795,3.272136615,-1.881413742,-58.47479325,-0.208573865,-9.561666706,-70.47879952,10.75645506,-9.477440243
1dl7,-33.42677251,6.98552963,-2.070735583,-26.00545488,-1.220399467,30.09418486,-37.90945254,10.89666579,-8.966266352
1drk,-43.70947252,1.307292592,-7.184895627,-16.07919961,0,13.61421377,-12.88709493,8.314438026,-9.422178201
1drj,-45.73527766,1.214638708,-7.076307726,-16.37761467,0,15.26756074,-13.20907996,7.94020095,-10.22347781
2bmz,-79.73286327,2.10557766,-4.530554111,-12.20391766,0,33.1875789,-17.48321673,2.309307226,-5.111738906
1bcd,-9.120547538,3.439990421,-3.178206179,-4.95056251,0,1.53778596,-15.51694786,1.251052996,-12.01949419
1jak,-50.03066117,2.746927977,-4.395574393,-21.78576039,0,39.79378192,-27.05426622,5.105154934,-7.695239381
1jao,70.63436083,6.530184915,-2.695931677,-25.84796811,-0.48284426,-27.3485832,-34.74636309,16.83378995,-8.17878225
1rdi,-48.21075481,-0.20481551,-2.759458895,-3.76069598,0,38.77937643,-12.46997325,2.439580522,-2.845995175
1u1w,-27.94040193,2.4155334,-9.05534808,-14.25396134,-5.90E-05,18.41216684,-24.35128216,2.532839765,-8.082073676
1rdj,-44.91628194,0.450643239,-2.82872138,-2.790713088,0,35.05709378,-2.981908913,3.573642322,-2.293374753
1rdl,-75.87612487,6.98302939,-2.880934932,-2.956842032,0,44.38795956,-2.90120747,3.57123136,-3.094674365
1rdn,-25.69686876,-1.310161338,-2.366374117,-5.592975176,0,49.22260105,-16.74092525,10.74579938,-2.542053943
2c80,-114.8895025,0.939302057,-12.37028015,-35.1419136,0,58.90070382,-29.95971794,7.442633304,-7.363667127
3gst,-116.4984635,1.404546861,-10.57183944,-44.57512987,-0.000271108,63.98758048,-49.89015109,8.710992295,-9.284023095
1wht,251.6930886,2.803982741,-8.134243476,-21.9333232,-4.153283084,-197.206355,-24.16540897,3.101741804,-5.111738906
1fwv,-36.16245133,-0.802933757,-4.866025254,-14.52528319,0,18.27077208,-22.1744459,8.797567644,-5.139369928
1duv,-24.8746047,4.473857586,-15.00597561,-14.65564561,0,-5.571121745,-33.1700047,7.217454685,-16.30230246
2aj8,-38.26447225,3.43829933,-1.236625743,-26.67377685,-4.896861594,31.3057415,-44.97020794,2.924694493,-8.565616546
1w8l,-7.528273599,0.845144399,-0.299833301,-24.26267824,0,9.751483875,-24.56452376,0.944688831,-0.676960017
1w8m,-16.8764352,1.003698348,-0.853917103,-15.57823371,0,9.988665652,-27.28525092,0.662008788,-2.210481689
1rql,85.3545732,0.580760369,-4.349612156,-9.83230968,0,-42.45347123,-17.24163667,1.437585936,-3.799265403
1xgi,-25.35952056,3.785294534,-3.451582353,-15.47849352,-0.622031239,16.3270147,-35.67670693,4.929319731,-6.700522621
1d2e,-14.64707237,4.921820767,-19.91325389,-7.841012735,-0.002301495,-22.25466157,-32.50656447,10.10187426,-8.289306335
1w5v,-46.92399125,-0.366789619,-4.2933845,-74.25539734,-1.068022956,57.52318207,-101.2056858,14.73008229,-11.2596411
1kjr,-60.05746677,-0.246364205,-7.040192631,-21.24261103,-1.971067538,22.29243189,-37.472269,9.520656964,-8.372199398
1ejn,-228.6070326,4.067179353,-8.80041927,-41.44513237,-0.153862772,246.7906368,-49.62532428,5.029836068,-7.764316934
1mmr,-36.6136019,4.713832654,-3.00431233,-39.52710403,-0.781895362,54.0911116,-48.29230404,10.42549741,-7.460375701
1oif,-24.86219244,0.868561477,-3.987928851,-18.67304917,0,41.14335593,-24.22015038,3.45312769,-10.66557415
1rzx,-130.4396913,6.043193012,-9.87177663,-51.20494771,0,76.10155297,-50.84429607,11.9922036,-5.664359329
1ps3,-85.83516002,6.275690249,-5.112618957,-15.1334643,0,94.29440531,-26.94777109,-0.58474485,-3.149936407
1ur9,-88.29426735,4.570281451,-5.088400445,-44.30593387,-1.370468836,66.72219265,-69.7960171,13.0728414,-7.971549592
6abp,-43.93631059,0.39519477,-5.477338814,-14.37358394,0,19.69313982,-18.7911652,11.79277016,-8.786664715
1lzq,-54.02373778,3.549843917,-5.865828643,-67.86332685,-0.604533478,68.32186773,-90.61080125,16.50986902,-11.59121336
2b07,-95.80585983,-0.197899567,-12.14322999,-43.09047664,-1.155722558,83.50178105,-47.25754674,4.541035801,-8.883373289
1pzp,-22.29500169,2.59540639,-1.551601665,-32.30112859,0,16.69051113,-38.29104304,2.082925966,-4.572933995
1fiv,-87.47084365,6.042335902,-7.84738453,-81.10968073,-6.352245115,87.82785715,-106.6836363,35.22941865,-9.104421458
1ohr,-42.33696421,2.367828012,-2.986798692,-70.43288257,-0.112588159,54.14589101,-82.4616449,13.57534546,-12.01949419
1pzo,-8.401341589,0.844957017,-0.955618941,-35.40546627,-0.493709389,15.19069877,-37.26055429,3.316877458,-4.586749505
1pzi,-44.37301637,4.819672894,-3.837873224,-17.86589124,-9.59E-06,24.74751933,-33.42960435,10.18372227,-5.830145456
1qbq,-179.5448975,3.788446529,-10.83829368,-39.14984608,0,165.2282127,-27.8964239,5.279067768,-11.46687376
1bhf,-335.5453527,6.828088849,-22.46509664,-31.00603728,-0.446139996,270.459006,-32.83655894,15.8424359,-6.051193624
1aaq,-58.86855034,4.791493096,-4.793064176,-60.34261048,-0.47640115,43.43964737,-77.35301697,10.25588163,-11.60502887
1g2l,-196.7592907,4.359441313,-8.630918614,-44.49466969,-3.231114734,204.4181816,-59.14188926,7.724087547,-10.00242964
1urg,-71.21663028,0.288581898,-4.753848685,-30.85316368,0,26.32180377,-30.68037176,7.502215766,-8.040627145
1g2k,3.978753191,5.959159837,-3.207492625,-62.29318734,-0.769308262,10.07868644,-92.71224702,11.6573855,-10.9971464
1syi,-60.54927382,15.26325809,-5.163295914,-27.7636406,-0.026774379,25.13974314,-36.9711563,16.74738831,-7.515637744
1kav,-179.080942,1.059846422,-10.41631888,-34.70757025,-0.629184749,180.8364588,-31.55635272,1.547485805,-8.040627145
2hs2,-14.33423745,4.434975077,-3.418444249,-54.98540234,-0.002092607,18.18271534,-79.16180426,5.585995699,-11.48068927
2hs1,-21.41328656,2.830657888,-4.514388883,-54.06211247,-0.520751584,22.74164737,-75.37118542,4.234846474,-11.71555295
1v0k,-70.76934033,4.745990321,-3.979474558,-9.199347792,0,29.09953102,-14.81923297,9.475704668,-7.045910385
1o0m,-138.3724902,2.326345201,-15.32549239,-8.96408158,-0.055798148,98.93307898,-23.29937002,5.397516676,-7.114987937
1hlk,102.8846632,6.134439109,-4.308994168,-21.71725746,-1.422260683,-52.94415238,-37.93141635,12.54301688,-6.907755279
2sim,-149.9871596,-2.340557448,-18.02739455,-16.66174617,0,97.01639844,-26.99175471,6.08591754,-4.724904611
1yei,-96.28472729,4.605542509,-6.271823203,-24.55042815,-4.972064636,91.66350381,-45.71214195,7.971968322,-10.30637088
1f4x,-48.87458483,5.843393969,-2.683306322,-27.48077805,0,22.51381659,-28.10634044,9.856500393,-7.722870402
2c1p,-23.69340349,0.524473892,-0.752248761,-30.10951446,-1.525134172,21.00567066,-46.67670576,1.605276334,-7.460375701
2f1g,-18.76583696,1.520088761,-1.195354073,-35.66786074,-1.324422926,38.4913735,-55.94224686,16.66963582,-10.41689496
2i0a,-14.67197295,4.763765018,-3.127984926,-53.69726323,-0.451454674,20.57408174,-86.39367945,4.710812943,-15.74968204
1ua4,-35.37632508,1.175480635,-11.14091705,-17.77765895,-1.419773469,44.53006651,-35.149505,8.211022647,-5.830145456
1dhj,-63.86568719,-2.584170908,-13.74403163,-26.06153444,-0.851211189,48.83081574,-50.5629599,4.689413356,-9.049159416
2f81,-16.88144325,5.040435493,-3.255553702,-55.9935724,0,16.39500392,-81.0797001,8.819828203,-14.53391711
2il2,-46.79035074,1.443045511,-7.183057355,-60.28946515,-1.020989796,39.02438248,-85.55794858,17.19237967,-9.809012496
1gi9,-240.8862274,4.35203266,-3.580934903,-15.33933336,-0.319073498,255.3287945,-30.33314501,11.56852159,-7.211696511
1rgk,-56.55557169,4.057769467,-15.39626517,-4.385378973,-5.585946004,37.84037615,-23.54127599,10.83884728,-5.954485051
1rgl,-81.15258682,4.944516075,-14.21458499,-3.660078447,-4.982435065,47.39620786,-15.16340276,5.738910521,-6.120271177
1hpo,-13.69811314,4.728743214,-2.886199414,-49.86877898,-2.771913747,13.40114578,-66.0631704,7.646383011,-12.73790073
1gi1,-243.5835639,1.456174106,-3.677433856,-14.69180589,-5.292801698,242.1675831,-30.5541663,2.526767572,-7.557084275
1y2g,-13.69876538,1.253560725,-0.468195009,-21.83072189,-4.843967868,12.63658148,-32.14372381,1.908219631,-5.636728308
1gi7,-222.1833009,7.652876185,-3.492933648,-14.59837145,-0.405651042,210.4515306,-24.34458435,11.74757066,-6.230795262
1gi6,-227.9961878,2.132121334,-3.098149375,-16.67797343,-0.305840814,251.5509994,-32.49695198,4.058595079,-8.593247567
7upj,-7.198661426,4.095959363,-2.432501371,-58.86404723,-2.517885494,14.55691077,-66.80576842,6.885368312,-11.72936846
1gi4,-227.8237591,4.522311018,-2.942151159,-15.96515681,-0.219103366,291.9049016,-26.46588864,7.340525809,-9.933352091
1lkk,-388.2313796,2.004305301,-26.76580714,-31.10764379,-0.24385122,330.272104,-35.52627396,14.48055196,-9.463624732
1hpv,-11.18466644,2.674557488,-3.386301989,-62.32278333,-0.413769006,15.5785359,-73.39188926,9.113053545,-12.73790073
1w3j,-30.18939243,2.154670746,-4.008305446,-16.11153986,0,35.98034148,-24.49567378,3.406223954,-8.731402673
1hps,-46.13378811,5.811768201,-2.707587862,-72.7387653,-1.987931374,50.10382645,-83.07399587,10.06916718,-12.73790073
1qxk,-110.6851423,5.066747353,-12.05729407,-30.74605868,-1.018898221,89.59816337,-50.90246707,13.4917478,-6.976832832
1lah,-74.78644259,2.384875864,-5.418140948,-17.19526698,0,44.53180464,-22.03030305,2.230704916,-10.38926394
1ksn,-208.3691641,3.486314338,-8.101259037,-40.46789916,-2.09587391,237.8066955,-55.16378712,9.724799637,-12.98657992
1abf,-52.02787718,1.474952924,-5.033021105,-18.22023523,0,21.63909994,-19.41903178,2.530377892,-7.488006722
1dqx,-117.9792729,3.620719671,-12.5380464,-14.79723774,-0.045658304,102.6386581,-26.11749635,4.496579585,-15.26613917
1amw,-40.73502665,4.816864866,-14.93554241,-10.90807834,-0.796636862,20.36593296,-26.36273341,6.979214528,-6.272241793
1li3,-10.72061359,1.091218517,-0.458615614,-29.9826689,-1.35E-07,4.868770717,-20.84070355,1.214526315,-5.871591987
1k1n,-195.0514963,5.266105243,-10.60726486,-32.6167812,-0.006216459,196.8632503,-50.27866671,8.894237693,-9.422178201
1c5c,-91.19134918,1.072922058,-10.57870955,-20.59003919,-1.446817309,75.86139812,-31.15909341,2.059450714,-9.615595348
1v2q,-307.813496,4.737315248,-8.343806263,-21.87404723,-0.375461269,311.9622905,-38.37623248,18.81622456,-5.70580586
1izi,-56.97636432,2.129419913,-7.347784322,-66.55028433,-0.791523074,54.96140189,-90.0768077,12.28391395,-9.104421458
1c5z,-214.4453279,2.680583328,-7.481896814,-11.83300546,-5.29E-07,216.8032958,-21.63639574,3.691525037,-5.540019734
1c5y,-207.1952356,2.192547546,-2.674893084,-18.86003201,-0.101882597,199.2133874,-21.47489125,2.195935535,-5.802514434
1c5x,-203.2012013,3.790560458,-2.441756876,-25.29509479,-1.25E-06,199.7105289,-30.44508625,4.756589021,-9.228761053
1dqn,-88.7600371,9.947425605,-15.01899554,-17.4019687,-1.232898744,86.69462302,-19.27246655,15.65254817,-11.05240845
2hb3,-26.79136419,4.257656365,-3.127903763,-70.98847084,-0.372496493,17.8302887,-84.4414662,5.657181027,-15.68060448
1c5s,-203.1951306,1.904756375,-2.407869036,-20.61512202,-0.049973235,220.5494725,-24.90750075,2.679813862,-8.289306335
1v2w,-306.6747924,3.418678576,-7.873267743,-24.95056931,-0.239402117,313.4947198,-37.83226259,13.06629048,-5.540019734
1c5q,-214.1069775,2.956693707,-2.504270907,-24.05908156,-2.95E-09,222.3238765,-28.3526378,3.819002759,-8.786664715
1c5p,-226.5345621,1.028753346,-7.5434768,-12.11242209,-9.31E-07,236.2570431,-24.21548586,1.807260315,-6.465658941
1c5t,-216.9567566,1.46694848,-2.725629523,-19.10914968,-0.250961902,205.1701754,-25.07036327,1.581959691,-5.664359329
1oba,-19.97583006,1.461836936,-0.010826522,-19.21072375,0,23.79581302,-15.75879956,2.127598201,-3.370984576
1bgq,-33.38209506,-0.410652364,-2.008860171,-38.52541231,-0.199050093,21.26930267,-41.09949254,2.72893425,-11.83989255
1v2t,-307.1342253,3.809884924,-7.857837829,-22.50969744,-8.91E-05,314.2367471,-35.35824072,12.91588042,-6.507105473
1tnh,-81.67273046,0.864202675,-1.370071819,-15.01133066,0,110.6225614,-17.33714227,1.350141932,-4.655827058
1ecv,-140.9326955,5.1031088,-11.16376423,-15.86919872,-0.824074486,133.0822319,-35.59478789,3.770403679,-6.700522621
2cji,-46.97010908,4.165580342,-0.35822892,-53.38469054,-7.00E-11,89.42269681,-66.96364989,4.26625878,-11.35634968
1hyo,-25.22659723,-0.151275343,-9.302352213,-11.03454955,0,66.62407973,-18.56461918,3.434146171,-5.622912797
1ecq,100.9757905,8.159629377,-13.93451646,-10.52342265,0,-43.10506959,-18.6678766,15.51250615,-4.144653167
1tnj,-97.41265298,0.594111,-1.620505259,-18.7464505,0,126.8377616,-21.8632366,0.940119966,-2.707840069
1sdt,-51.51383164,2.91060464,-4.704232898,-80.94136797,-0.562751854,58.50800776,-98.5923482,13.3352607,-12.80697829
1sdu,-51.37512529,3.278575943,-4.593043759,-79.18077029,-0.894308661,59.1628759,-95.5356485,14.01953851,-13.91221913
1sdv,-51.13547475,2.790652384,-4.515189956,-77.08176389,-0.537990792,59.49507632,-96.58346728,12.69200937,-12.07475623
9abp,-70.22148129,1.234035064,-6.504429539,-18.85729512,0,27.10734135,-17.89348435,6.329713206,-11.05240845
1q95,-476.2884146,4.789995069,-30.95047484,-11.19872506,0,436.2041077,-17.38120772,8.369880749,-10.45834149
1hbv,-38.74275954,3.188926932,-3.69094945,-60.61213516,-0.487187458,22.324523,-67.70774179,26.50588957,-8.800480225
1ent,47.50684499,3.183285984,-3.223405034,-58.72407413,-2.91E-06,-5.285880256,-81.4873123,14.4913937,-9.615595348
1pyn,-219.498875,1.076157011,-16.22853193,-30.09241996,-0.478485092,188.6985791,-49.3661261,8.164420389,-7.584715296
1xka,-210.1511165,3.580657413,-10.62542382,-33.90967411,-1.709068915,225.9861524,-44.0074204,7.461986864,-9.505071264
2gvv,-25.55227821,0.384475677,-4.997013569,-30.12803789,0,37.80916311,-30.50888785,8.274006826,-5.388049118
1zhy,-17.89791419,2.773497981,-0.52402701,-87.90617533,0,34.66531101,-64.55059386,2.583467924,-9.007712884
1g7g,-201.5818626,8.864744567,-18.04090937,-38.38476744,-0.728265265,187.1970025,-53.82010946,16.46098897,-9.118236968
1h9z,-21.51926768,0.219876312,-0.753518853,-35.24351346,-0.81046332,36.21879578,-49.82571311,0.815458023,-7.488006722
1nl9,-190.4694934,2.169209927,-14.37389919,-30.22508764,-0.726760009,176.0401194,-51.51002525,11.90452744,-8.234044293
1xpz,-21.15045111,2.732788532,-2.46248288,-12.99295493,-0.746421298,2.171739967,-31.46043675,4.493069316,-9.781381475
1zp8,-6.374370055,9.047711245,-3.610749198,-53.47379907,-0.000119988,20.26826671,-83.21520297,13.37759269,-12.11620276
1g7v,-253.3847944,8.188908152,-18.37459098,-19.8295696,0,252.2916608,-35.06122847,11.13367874,-8.841926757
1w3l,-117.5438218,4.061610679,-9.888826072,-23.80352506,0,52.37808864,-31.64919144,19.28556614,-8.67614063
1mai,-401.3983295,4.823265697,-34.93636926,-5.274313223,0,369.2187074,-7.07536499,0.813667351,-9.228761053
1uv6,-174.4472527,5.263403232,-1.064121528,-30.58329443,0,174.0997786,-30.42725697,3.003350437,-7.073541406
1apv,-57.13931629,5.751403813,-4.629129721,-48.84604719,0,57.71296826,-70.01407756,7.552728709,-12.4339595
1xk9,-20.58771592,2.637938527,-0.653805802,-26.82827614,-5.884078273,15.85091703,-39.8284974,4.6035617,-9.463624732
1s63,-31.57671441,6.291636175,-1.088896026,-20.5573898,-2.039780694,60.24885064,-32.70344628,6.336758271,-12.50303706
2pcp,-2.113739488,0.716285254,-6.92E-05,-40.03601995,-1.631364252,32.31477693,-42.70849353,1.482715308,-12.01949419
2avv,-62.98590496,7.599275003,-3.458718156,-78.92604156,-0.241767344,53.47481248,-91.62235187,17.42559513,-12.79316278
2avq,-120.7594147,3.675282534,-12.97480308,-73.75558429,0,14.92244819,-88.30155514,23.12075211,-6.065009135
1y3n,-100.6366737,2.189822549,-13.14049829,-18.74125076,0,74.37094084,-33.73523648,5.960600265,-7.66760836
2avs,-57.98510477,6.153323479,-3.503106633,-80.27522724,-0.442251729,56.96609242,-97.35686059,11.54999877,-10.45834149
1kel,-133.6082464,1.251865679,-13.87414179,-24.80062841,-5.372216135,126.6686977,-40.38648269,5.104568731,-10.05769169
4tmk,-120.4663011,7.96060408,-34.08706596,-38.31661347,-7.433946692,116.3497148,-68.84096549,25.1069136,-10.63794313
1v2k,-71.92343507,-3.64161894,-0.183282056,-42.0794438,-3.064755148,126.2851095,-56.9864104,14.17703443,-8.551801035
2avo,-53.84861737,4.07384988,-2.73839459,-78.13679307,-0.584231174,53.30697916,-94.07140034,9.513342315,-12.22672684
1y3p,-123.027353,5.038360235,-18.71360994,-30.15450758,0,109.4754841,-58.10049205,12.97423614,-6.659076089
1nz7,-268.9373239,1.179021562,-21.33238966,-40.9482645,-0.323269028,238.9599837,-63.60335437,10.78605194,-9.836643517
1o2o,-202.8813306,7.761995552,-3.954782292,-26.18663776,-0.217099867,234.2840829,-36.03282841,16.90812676,-8.786664715
1qpb,-14.14837126,1.388679405,-3.019589361,-2.48060157,0,14.32278803,-13.21411544,1.307618294,-1.878909436
1xk5,-138.2295135,6.479810126,-14.031215,-16.52519714,-7.650702957,73.61843217,-41.15064576,13.55365278,-8.289306335
2gv7,-446.4125817,6.596848799,-11.16070378,-38.95901809,-2.86E-07,432.4451329,-63.57261164,11.99838679,-10.84517579
1g85,-1.781609011,0.854504102,0,-35.73416657,0,7.227933579,-29.33600787,0.839202706,-7.570899786
1iiq,-65.04562737,-12.98135826,-8.428454564,-63.62839228,-0.241396064,63.94860814,-94.52969963,16.253666,-10.3340019
2avm,-98.69053429,2.675067623,-12.79832728,-80.17698387,0,20.04949503,-98.64429709,20.01182671,-7.874841018
1hpx,-40.29588092,-2.70698025,-2.359121842,-72.79113851,-0.221013562,39.97167078,-82.65179431,12.65583275,-15.55626489
2c4v,-227.2502177,0.141154031,-19.82612634,-10.80386607,0,197.6965826,-19.3446727,2.654341288,-3.592032745
2aoe,-115.1941149,8.829221806,-11.07585627,-66.85144001,0,44.48758299,-84.52943111,17.69985918,-10.52741905
1fl3,-67.87707917,5.730782049,-2.83290948,-51.90807957,-4.944175822,67.39579828,-53.83832567,4.059746422,-9.394547179
1v2n,-363.8234058,3.978938209,-8.626855286,-30.91734534,-4.721476888,366.3910254,-41.96478154,5.471270782,-8.151151229
5tmp,-28.76318993,9.790132161,-23.52268549,-34.63555794,-6.668334855,30.98189428,-73.85752836,26.89305496,-10.32018639
1i7z,-17.50782833,1.275975379,-0.575538367,-47.10183413,-0.093586865,33.54050972,-52.90487385,1.815260483,-8.841926757
1apb,-34.42588264,-0.352724112,-4.710577365,-18.63489079,0,17.22464726,-23.24674711,11.98243758,-8.040627145
1f0s,-57.4352505,6.013737757,-0.491252139,-38.43796596,-5.564108411,86.4640418,-49.66860747,7.65779441,-10.69320517
1v2l,-246.4307577,1.398843223,-7.199572709,-12.22457487,-2.94E-07,246.7567108,-21.29398771,2.520420875,-5.926854029
1nli,-45.93740934,2.003757272,-6.457615441,-5.35419376,-1.548542871,19.39080425,-21.6252917,1.642290619,-4.95976829
1f0t,-310.9929708,4.726956641,-8.569433678,-30.64963324,-0.394237079,297.3765206,-41.36584399,6.217739909,-8.289306335
1aj7,-52.58959428,2.925644012,-8.81780726,-18.84753281,-1.435609794,48.77488246,-35.10052816,4.276547736,-5.346602586
1cnx,-5.243230819,0.682590276,-2.803363662,-21.8213909,-0.57605486,-9.745371955,-29.91501485,4.606025786,-10.18203128
1cny,-10.06540317,2.421866239,-2.382722064,-25.30992664,-3.043390992,-0.403371319,-37.31953195,5.0916007,-10.84517579
1cnw,-18.87391288,0.810873679,-2.634457977,-25.73608607,-0.366308691,2.736146002,-32.11628545,3.701686498,-10.66557415
1ai7,-2.490880735,0.192932036,-0.068175551,-17.67387066,-0.361203175,16.85845799,-20.86218179,0.303182366,-5.650543818
1byk,-101.9995695,9.317492737,-19.31775147,-33.33472644,0,58.95730579,-25.10346834,15.57742376,-6.907755279
2fgu,-51.09594227,2.763227386,-5.835857091,-74.50025219,-0.37004836,61.74194553,-96.48386295,15.05210602,-12.68263869
1uto,-107.4262064,0.545101259,-0.985936611,-17.37251688,-0.055785419,130.8365025,-20.92252449,1.511225808,-3.136120897
1nq7,-38.31579348,2.185817322,-3.555655763,-79.07879988,0,47.08109556,-55.65797148,6.778138784,-9.394547179
1sh9,-50.34595199,4.381618391,-2.60673236,-67.76231851,-0.665456322,56.0043887,-87.0127987,20.45158217,-8.330752867
1q1g,-51.72004167,4.517346665,-4.164003003,-39.24529074,-0.384033722,37.07263657,-45.74843767,3.368989446,-11.83989255
1thz,-187.3944858,5.671590291,-12.29297754,-22.76247723,-1.19575846,190.0652899,-47.22605127,6.047144412,-7.114987937
1gny,-110.4124162,5.622424853,-7.179985957,-25.29341354,0,54.66590741,-33.16194523,12.70959809,-5.719621371
2ihq,-25.37393753,0.351773981,-0.688226686,-51.02356368,-0.348206383,20.87872876,-53.4035817,3.393886837,-11.72936846
1p28,-29.52754884,-1.765990568,-0.773155884,-14.92997137,0,18.97423332,-12.76871357,2.449477678,-7.488006722
2gv6,-455.6031019,4.433190512,-11.61289978,-33.23354584,-0.178080397,446.8637518,-49.58631324,12.70125307,-10.14058475
4std,-23.65843098,1.128061001,-0.744829818,-46.98486916,-0.57993011,6.910565566,-47.54312558,1.116899265,-14.27142241
1gnn,-53.81291237,3.268626646,-8.370853573,-56.26079523,0,33.41566925,-69.17282489,15.0824747,-7.847209997
1gno,-63.49393716,10.28960121,-7.866797859,-56.97542938,0,31.02710687,-64.81717905,14.8199009,-10.63794313
1gnm,-59.66478859,3.901203571,-10.30779002,-64.38536499,0,58.08475945,-77.21105158,10.15675285,-8.634694099
1jyq,-327.934773,6.525467914,-30.55726637,-25.81276509,-4.025936444,275.839751,-27.45426138,15.35557372,-12.01949419
1ogx,-19.3867953,0.239237793,-1.270494882,-38.46746108,-0.558005148,12.45756861,-33.77553475,0.599184685,-8.41364593
1vwn,-41.19446005,1.142310684,-5.295969175,-45.65051931,-1.259398783,25.65153165,-64.55227059,10.59772021,-8.040627145
1bhx,-193.6381986,3.962697253,-9.087701158,-51.2742209,-1.521376796,164.5638288,-55.82066769,8.961719041,-9.449809222
2jxr,-63.25297473,4.400752574,-4.350059672,-68.12922887,-0.707407238,57.02587241,-78.16869549,11.74371107,-9.739934943
2a5b,-53.68468224,5.975541402,-2.202675741,-16.09789918,-3.155475412,22.18297885,-33.74500247,9.911919986,-5.429495649
2a5c,-54.26252913,1.636048319,-2.872830314,-21.3900803,-1.612230379,19.8056038,-31.71612051,1.740547483,-6.382765878
1fzq,-149.7059553,4.544579761,-19.13729889,-6.060479608,-0.000426762,125.1309051,-22.64282241,6.05428714,-10.52741905
1aid,-16.34028529,4.54391061,-0.23483296,-62.12355212,0,22.52498098,-48.3918692,5.277917932,-6.659076089
1egh,-129.4822197,3.161055735,-14.53073449,-3.96383682,0,126.175325,-3.397379608,2.097929026,-7.874841018
1h0a,-479.457749,5.899180126,-40.18668885,-4.530236778,0,459.6991129,6.168058368,12.72355148,-7.515637744
1hxb,-38.26450024,4.410673835,-4.955572599,-72.88491265,-0.119593267,52.86618194,-94.77897332,15.59140339,-13.70498647
1onz,-166.5108953,2.039697944,-12.35477544,-14.23220376,-0.757163998,144.286182,-33.96198971,2.818715989,-7.045910385
1dzk,-2.330769972,0.119021763,-0.033797326,-29.95691825,-0.001051871,5.867383508,-30.9693442,0.813453251,-8.42746144
1ony,-160.9266152,0.995476264,-16.8478632,-28.24248069,-0.315191316,137.6394097,-56.32477282,10.52346467,-9.353100648
1w4p,-128.1045683,1.270873973,-14.7344859,-7.683448867,-0.001002077,95.29972874,-27.64766878,4.449180964,-6.548552005
1w4q,-131.2093968,4.819013695,-13.83480532,-7.657022087,-0.074356187,89.09415913,-19.9719297,5.553778521,-7.266958554
1nfw,-37.84713523,1.591976673,-0.658809146,-42.10449786,-4.52771001,87.41242543,-57.1983048,14.42443499,-12.37869746
1nfu,-143.1485718,1.573035402,-2.590573765,-38.97428617,-0.616212157,163.4907018,-52.52676374,14.25323348,-10.69320517
1lbf,-68.22503957,2.823916744,-19.0742512,-26.27858459,-0.563226569,48.23704178,-16.69660983,7.930027357,-10.84517579
4rsk,-80.18910373,1.410753924,-13.08172869,-7.055375313,-0.051017532,47.84058773,-18.40601855,3.623679622,-5.968300561
1fhd,-47.22947295,-0.414460845,-5.028500756,-20.30336096,-3.470545952,42.03153001,-35.60296828,8.629259603,-9.422178201
1z6e,-38.28344215,8.132618548,-5.361405586,-39.85587675,-3.96517015,88.53386467,-61.70112418,8.345938715,-13.42867626
1nfx,-52.79488007,-0.24371343,-1.137407486,-39.66428215,-5.207911234,80.8067336,-56.42877874,21.21710309,-11.770815
1z6s,-142.405342,7.960224452,-16.21405895,-6.150818519,-4.288575923,109.9805885,-28.06465694,10.44458608,-5.995931582
1wcq,-40.0388273,2.63161618,-19.06646654,-24.01805319,0,2.216948745,-29.24005411,9.32817518,-8.648509609
1g4o,-10.49493927,-0.435560084,-2.149652332,-18.83013212,-0.385214278,5.842368957,-30.13104973,2.116775627,-11.39779621
1g4j,-5.342114647,1.118416424,-2.111072256,-17.45737241,-0.645631865,-2.150456576,-28.47868882,4.512280249,-12.01949419
1bp0,13.35766583,1.56260209,-15.44961498,-11.95287665,-1.03E-05,-25.9920587,-30.07853957,2.882233924,-7.460375701
1m9n,-158.6153977,4.384353147,-13.28354538,-15.33988693,-0.000333775,115.228321,-45.72463386,8.521655508,-9.560333306
1f3e,-35.01265953,2.026737916,-3.907531404,-16.11575835,-3.617728822,22.55761348,-32.32400989,1.92273992,-9.256392074
4fiv,-89.05201235,5.115841681,-6.615312809,-90.69128796,-5.981415783,72.71318847,-106.9067922,19.7395063,-9.007712884
1uz4,-51.02026535,1.325300381,-4.032809081,-16.32561403,0,29.53454079,-20.56045015,4.759342969,-4.69727359
1nh0,-125.745211,-0.328082257,-12.1213745,-62.07641687,-0.592684493,109.6358145,-91.7796505,11.59600436,-13.45630728
1mes,-39.88883183,5.429471914,-3.487623858,-60.07537023,-0.000198728,44.65827186,-68.9735528,17.05864757,-10.63794313
1g3b,-157.5878779,6.150576187,-8.770289449,-14.58525671,0,202.911057,-29.83328955,3.16471109,-7.93010306
1g3e,-142.2847583,2.798608646,-9.214959385,-15.88149403,-0.036463728,167.6706779,-30.74071624,-1.697815069,-7.43274468
1g3d,-151.6021591,3.427646976,-7.702661403,-15.55990965,0,189.2229968,-30.43047736,5.858467015,-7.66760836
2g00,-75.24667308,7.61063998,-3.778981696,-46.50158637,-2.893180317,156.6724815,-66.87261545,10.90843666,-13.45630728
5std,-24.50021325,3.476118715,-1.651812028,-50.28368158,-2.218863092,14.36858057,-53.56274403,6.875684324,-14.49247058
1g36,-232.284863,3.222484808,-7.707797879,-32.02389074,-1.477101508,256.0961347,-51.05499671,7.4540444,-9.90572107
1k4h,-31.36962478,2.795091437,-6.791057959,-33.33851825,-3.988352892,28.30731448,-46.09226285,3.897519638,-7.059725895
1pro,-39.26354532,2.898688133,-2.584315677,-58.67404807,-6.26E-05,48.04181654,-77.29483957,10.14667363,-15.61152693
1n1m,-117.6222756,1.905389427,-2.628545658,-24.04171486,0,102.3298498,-29.30195763,2.551297608,-7.874841018
1lor,-21.44649659,5.306347977,-15.81377388,-17.09355235,-1.00E-11,6.776444973,-16.14030167,7.044220919,-15.27995468
1kyv,39.69515491,-3.468986303,-3.591839923,-29.00825349,-11.75444039,-40.27697419,-57.62797788,12.93831606,-8.17878225
2bjm,-12.5540311,0.761642244,-0.048413928,-25.33773641,-13.81475165,22.54970242,-26.40868236,0.791880254,-5.111738906
1g48,-21.37358229,0.060236972,-2.538695127,-18.57714821,-0.540908702,6.832068263,-31.08603996,4.388000142,-11.61884438
1g45,-6.652654672,0.935315894,-2.052449044,-18.13168072,-0.65384323,-3.453292756,-31.39514897,2.190056544,-11.93660112
1nf8,-169.4768674,-0.269842239,-12.56392551,-34.30399546,0,162.6312498,-29.75433171,4.289214024,-10.80372926
1fao,-546.1087006,7.858074642,-38.43445741,-5.652436053,0,544.992286,5.305528879,6.887625271,-10.18203128
2h4g,-112.3862915,1.111450697,-12.04776037,-28.7110312,-0.93066741,106.3882212,-33.52654136,1.167343035,-9.007712884
1tni,-101.5120276,1.944905944,-1.439261759,-21.90048115,-0.000732113,132.1936302,-23.42172573,2.720075639,-5.526204223
1iih,-202.1364952,1.756794766,-12.95333222,-8.46200167,0,202.0620998,-1.314323982,3.955756353,-3.992682551
2ypi,-99.89579801,2.78175269,-10.91054815,-4.18713804,0,100.6580533,-8.651130921,3.294575849,-6.659076089
1hos,-13.50001789,6.718976,-1.774080143,-64.87581372,-0.964271684,58.48538368,-91.99222499,18.92395954,-11.81226153
1f0r,-52.75080124,6.264226376,-1.920257787,-39.99264287,-6.091638776,84.91091016,-52.8910672,6.204225348,-10.58268109
1rbo,-380.4605614,5.710117772,-31.32514784,-7.461503819,0,346.4055406,-1.946499476,8.897956323,-17.57332943
1joc,-194.9368179,3.541627037,-18.70486862,-10.43025279,0,178.7093497,-3.369324551,12.36504629,-6.382765878
1a1c,-291.4103398,-0.959782537,-16.09731384,-23.18365731,-0.342428558,257.7753335,-29.35039514,6.509046928,-8.841926757
1dfo,-91.31258628,8.628130486,-10.92618224,-33.60535154,-1.252410412,76.83301654,-57.20339942,8.129511848,-9.256392074
1tcw,-18.47998254,0.710942322,-1.640930787,-31.95732568,-0.566815379,32.58463811,-48.55166047,12.88807694,-8.316937356
2bpy,-46.19733989,5.804389337,-3.293955404,-76.95774002,-1.121485031,58.82589673,-99.72782436,19.15390292,-10.22347781
1m0o,-206.9049784,10.26065341,-17.64867823,-22.65512691,-0.037046664,218.6673272,-36.31011171,9.121339079,-3.191382939
1i80,-30.48466786,0.111592892,-1.828817688,-10.25177498,-0.572425976,14.08512151,-26.17121935,0.213985338,-8.855742268
1rbp,-10.12068789,1.411791121,-0.284704819,-93.44127468,0,18.20759317,-59.09500376,2.219913116,-9.284023095
1no6,-165.4409832,3.73996521,-12.05820166,-16.67237813,-0.562487308,158.5337212,-39.35373862,3.235278769,-6.092640156
1g35,4.829967756,5.787317392,-3.632518086,-63.52701359,-0.224744655,5.074648089,-91.76150078,10.07519232,-11.24582559
2hb1,-109.7021799,0.499627952,-10.81728901,-22.46346836,-0.444668422,103.7270473,-26.28058095,0.710405052,-5.249894012
1tcx,-50.85460644,3.101266158,-2.618519889,-71.9647955,-1.144157307,52.1447737,-78.16687539,8.253273803,-9.601779838
1ciz,107.0353229,6.016242688,-0.894245565,-50.50489467,-3.66517801,-32.95972271,-65.86194166,13.68310336,-10.27873986
456c,-30.32547975,2.796953711,-1.326592372,-38.31232365,-1.225428254,51.53812364,-51.00510291,7.061610319,-13.49775382
1gjd,-209.8060285,3.414077954,-7.806657914,-28.04500831,-2.344024783,229.4656693,-43.80204195,4.709016425,-7.211696511
1gjb,-227.1367797,4.663072127,-3.65004039,-22.94530472,-0.727861875,260.517386,-37.51351517,13.07421532,-8.772849204
1gjc,-225.0579292,4.436116534,-3.615578805,-21.79727285,-0.392363028,267.9140336,-36.18990728,13.52778244,-8.772849204
1ajv,22.98678848,4.364095971,-2.833320845,-60.73823045,-0.882480157,0.427016328,-85.89975655,9.020779324,-10.66557415
1gja,-222.6549346,6.808563378,-8.377324901,-18.9809595,-0.891957885,224.0675716,-36.63720063,13.68770267,-7.488006722
1ajx,-22.02109978,-2.04550028,-2.544424659,-57.63175847,-1.205914734,40.71741451,-73.63176026,7.579088849,-10.92806885
1rpj,-67.3004913,1.105983405,-8.990108517,-17.40740408,0,25.78393932,-20.7088838,7.047906001,-8.952450842
1ody,-94.42972499,3.776868394,-5.754005137,-68.17585121,-0.185982804,67.71414368,-92.71338283,13.08433936,-11.19056355
1fv0,70.47864018,3.196734566,-1.912629087,-25.18203248,-0.306999942,-21.90150808,-50.7817667,4.727955506,-8.192597761
1zoh,-12.46247082,1.28062314,-0.259961414,-58.33025745,-0.003273692,11.20307972,-46.95117768,1.666816035,-9.670857391
2csn,24.41971023,3.283106598,-1.307855794,-33.58491843,0,-47.43002198,-35.75983957,2.694340618,-6.092640156
1ydk,-149.0052076,0.831584316,-13.00252876,-31.70872433,0,101.3755008,-29.33119494,10.89414297,-8.137335719
1ajn,-27.64995518,-0.137075462,-5.043929711,-20.51838471,-0.671607087,15.49682391,-27.05689027,1.963617624,-3.633479277
1zog,-20.03328051,1.819432003,-0.247746319,-58.05519239,-0.196084467,9.870909731,-38.71318805,1.784286244,-9.878090049
1mmq,-36.05785832,3.556675399,-1.576270853,-37.65109819,-0.097939488,49.70956134,-48.79631117,6.370171376,-10.38926394
1p1n,-139.8382582,3.298336108,-14.46311843,-25.39506833,0,139.5886869,-28.17166469,4.90769965,-9.394547179
1p1o,-55.77396816,12.8885977,-4.862076651,-11.03478496,-0.088515235,19.76490057,-25.92398879,14.78947485,-7.957734081
2aod,-90.65708961,0.985793438,-12.04754524,-79.85302671,0,16.99116303,-102.5256139,17.84133263,-7.819578976
1hxw,-57.46133433,5.169218496,-3.119675046,-76.2108275,-2.479604669,56.49604098,-98.87326283,13.29788151,-14.94838242
1ocq,-73.89945491,4.500048199,-7.697003033,-23.47327896,0,37.86986266,-28.38111226,9.473034355,-7.17024998
1h46,-6.556569352,6.095440886,-0.345149994,-28.28176139,-11.77654926,105.1737776,-50.25878623,4.619980169,-4.932137269
7std,-13.08932252,0.763720614,-0.455582088,-66.59446262,-1.40316646,5.295012308,-50.14238771,1.20239556,-14.81022732
1sld,-51.73947851,3.131623338,-5.450762203,-47.96357172,-0.867290424,30.82228747,-66.51140437,14.25144424,-9.076790437
1sle,-51.35922954,-14.8903725,-2.333953027,-29.02216546,-0.964904005,25.1411645,-50.05407937,14.40232318,-8.524170014
1e6q,-177.7108442,3.146771145,-4.976621895,-14.4241076,-1.615915757,102.5817703,-26.30527165,7.384850608,-4.351885826
1e6s,-59.50249216,4.849419666,-5.359976589,-14.8880537,0,47.59719497,-25.45154821,9.332661949,-4.4485944
1od8,-58.46266709,-0.015979266,-4.661334286,-16.05526344,0,39.0228079,-33.69879427,2.913638126,-7.045910385
1d4y,-22.08530621,2.482630203,-2.968602944,-65.9515649,-2.70206888,20.31191808,-80.83277546,8.814003934,-15.33521672
1ai4,-35.29128613,1.617363733,-4.218171858,-19.39997771,-0.34252537,34.78235783,-26.01482589,0.87425347,-3.45387764
1gj6,-201.4937503,2.790585843,-2.610929836,-34.29030982,-1.688105125,237.2562553,-42.82248721,5.832288679,-9.670857391
1gj7,-210.4208796,4.699083826,-2.910531862,-32.62633264,-0.826385744,256.1100936,-46.53096704,6.889807295,-10.90043783
1a1e,-229.0699988,2.373211158,-14.78586001,-19.3784944,-0.460089581,207.3245626,-29.6304498,4.495169988,-8.289306335
1gaf,-67.86297165,-1.155104613,-6.556815811,-22.73174229,-0.913848836,59.88654332,-34.03857505,1.308683065,-11.05240845
1gai,-250.8897134,15.01489978,-9.142277438,-49.34682132,0,174.1160097,-55.9134013,26.6872769,-11.05240845
1gj8,-211.3414576,3.772374561,-3.647324863,-24.36111772,-0.42044527,272.8088864,-43.70663307,13.12607528,-9.615595348
1dy4,-325.675165,2.652745423,-2.590229816,-30.61096375,-10.97836259,390.4323496,-45.13258723,3.864652683,-6.023562603
1bdq,-27.32901688,2.561983576,-2.629752746,-66.50846316,-1.244478714,46.08410521,-72.15502573,9.91436372,-8.759033694
1lyb,37.02884097,1.354692609,-2.855706221,-79.56625158,0,-8.063981183,-89.88516192,15.85766124,-15.77731306
1vwl,-82.63632592,1.184662114,-4.860049791,-40.41055113,-0.531091594,50.38848394,-60.01073369,20.27253808,-7.778132444
1ado,-77.44191537,-1.733249475,-8.832390668,-3.61124489,0,94.03855958,-15.77527835,-0.633835812,-8.289306335
1lyx,-101.6137944,3.060984221,-12.18395306,-4.26550667,0,105.1385596,-0.909254724,2.738553035,-6.272241793
1y0l,-25.32434672,5.017298324,-4.327959995,-39.08037015,-9.229975888,19.86368416,-37.03293787,5.753902819,-12.4339595
1fdq,-39.24382549,2.366333424,-6.003361305,-67.74447777,0,38.81705514,-53.27410341,8.380521783,-10.04387618
2fgv,-47.91169702,4.948807235,-5.973794975,-75.85096692,-0.412558068,57.4981443,-102.9219405,16.93162862,-8.455092462
1gt1,-5.319031563,1.366328007,0,-28.45941751,-7.131738176,14.06816059,-34.27375138,0.965587339,-8.289306335
1tys,-45.10354999,2.635681289,-20.77198503,-16.93908813,-6.23E-05,26.31794205,-28.98140097,3.738336656,-7.584715296
1o2w,-44.52815546,2.94315871,-4.212975851,-16.95049172,-0.172698019,62.40307712,-31.86271517,3.827192082,-8.082073676
1qy1,-7.213287122,0.720070402,-0.234363403,-33.12586725,-0.145504446,5.750168825,-31.46454235,0.644663981,-9.007712884
1lkl,-400.6642336,2.029948548,-29.48064677,-14.68287668,-0.426240767,333.4498502,-27.7571459,8.514509084,-8.026811634
1qy2,-6.765001906,0.361084218,-0.228851564,-27.46049726,-0.100131839,5.481379045,-28.46221497,0.269419161,-7.93010306
1uwf,-53.87950894,1.540678746,-4.576116505,-24.976656,0,22.6915647,-24.72215056,2.606556999,-9.422178201
1f0u,-276.7914246,4.092898886,-8.59016026,-33.64675141,-0.548445103,326.3229063,-51.01484187,9.751471437,-9.89190556
1met,-39.64261704,4.705740339,-4.187146994,-63.15109414,-0.446340713,47.4099354,-75.10069481,15.75701799,-12.98657992
1alw,-28.8740395,1.213357841,-4.648494757,-17.11097195,-0.622777121,29.45766787,-25.08201909,0.715360588,-9.007712884
2f5t,-91.31499898,0.808563393,-5.210453495,-31.43136748,0,26.29624365,-43.29413073,6.499043605,-7.142618959
1jlr,-198.0266692,11.23796176,-21.06530795,-9.894547889,-4.339451627,175.5100295,-42.58208781,12.66795578,-4.600565016
1msm,-36.52259363,-0.012527303,-3.033836206,-77.38093088,-0.568836322,46.35173051,-97.35044317,6.593216933,-14.47865506
2i3i,-77.9377974,4.742219076,-3.010801879,-37.27080251,-0.896156916,47.111072,-45.50841879,6.132899739,-10.08532271
2f2h,-31.78190053,4.667817008,-9.44490663,-37.22958168,-0.115589747,42.53772575,-53.18662992,26.38092967,-7.874841018
3kiv,-85.03829858,1.932631589,-7.689725884,-18.17246681,0,70.25296864,-10.09978763,2.042054614,-6.493289962
1ppl,91.00112203,0.678465621,-2.358816956,-54.98969381,-0.182378929,-46.86316173,-77.47984031,12.39869503,-11.81226153
1ppk,76.35186784,3.174677049,-3.194156307,-50.23716686,0,-55.2468977,-70.98368882,7.547103735,-10.58268109
2fqw,-55.39722447,1.440096287,-6.285375335,-21.49776978,-4.66970879,35.89874079,-43.04788774,2.520995427,-9.228761053
1if8,1.640253493,5.324553328,-1.920037341,-28.53404002,-0.389094418,-10.12630898,-34.60378404,5.724876166,-13.31815218
1r9l,23.67204738,0.932177367,-0.88044346,-23.95608874,0,4.212917263,-25.30927392,1.940123847,-7.460375701
1hsh,-50.97871216,2.453018048,-4.188084729,-76.62315518,-0.620832498,53.83002944,-90.76187935,12.05848591,-13.01421095
1pph,-305.9847904,3.746176336,-8.435662269,-31.28187736,-5.89E-09,315.1416403,-47.52592071,10.06964698,-8.17878225
11gs,-23.02057702,0.957255788,-5.317052784,-51.06421889,-0.975161372,-1.018286931,-52.56923842,9.067960221,-8.040627145
1r4w,-87.39618365,-2.39185853,-6.786632112,-20.37989518,0,69.93458417,-39.10025273,2.661451716,-5.595281776
1uw6,-20.70138382,1.074676179,-0.270810523,-41.08952735,-0.589937013,62.14022577,-31.47510008,1.746647757,-10.14058475
1e3v,26.90815275,4.223927459,-2.567874932,-52.28153959,0,-27.61381301,-36.80722247,5.509377568,-5.995931582
1px4,-45.96110762,0.942466065,-3.00117686,-29.26310465,0,69.79195381,-23.75638682,3.300378624,-4.46240991
3jdw,-59.16073016,1.882100955,-3.898790437,-11.18599374,0,47.88591534,-19.19811136,2.29695201,-4.973583801
2gh7,-84.0343551,0.563935544,-5.470889475,-48.14058389,0,54.64480025,-37.82845761,1.274172749,-17.96016373
2cex,-80.83091991,0.933913058,-11.84953398,-20.39731906,0,80.79980139,-36.12723215,7.678675311,-6.493289962
1g98,-258.6188839,6.155893547,-16.65907481,-12.30583629,0,255.2692216,-6.215114375,15.84822004,-7.874841018
1y6r,-45.73150883,5.558948488,-7.608900716,-52.88461281,-0.389152437,37.8175699,-53.13106286,5.794905887,-13.96748117
1o2s,-223.8948759,2.613724075,-3.003988066,-15.24139218,-2.558189459,232.7189246,-24.9519978,4.795219784,-7.557084275
1uj5,-94.02983314,4.735646719,-15.94742697,-14.66148789,0,78.41520913,-8.99565276,8.314410542,-4.21373072
2d1n,-198.4890817,8.241180648,-4.117460287,-59.53337781,-2.57E-05,207.7252616,-61.59715071,11.78385841,-11.2596411
1vkj,-349.2098535,11.25606383,-27.18800721,-11.64426068,-1.407105972,340.4157536,-35.10400157,13.6649691,-6.700522621
1siv,-88.12967969,3.187121927,-5.160628475,-60.98306652,0,63.68348143,-71.21374708,7.740808143,-11.16293253
2fwp,-291.9900864,-0.926699546,-12.82567949,-10.88470968,0,270.3133257,-12.75440197,2.279712279,-4.034129083
1jqe,-14.51517342,0.942628099,-0.938161429,-51.69436411,-8.524960681,44.26928595,-56.72676654,2.915300245,-8.897188799
1jqy,-44.51031783,5.395083117,-4.067953804,-18.66766628,-0.003502171,32.56790764,-46.900368,18.82622843,-6.797231195
2boh,-11.13532479,4.15614647,-0.530591974,-67.12271225,-1.079318192,92.28288591,-77.1967115,5.791005531,-11.770815
1w5y,-40.0363378,4.009005954,-4.972462174,-77.26570697,-0.673306383,52.98999756,-100.936785,16.15395007,-11.71555295
1w5x,-37.60407409,2.984620048,-4.309777594,-80.31120048,-1.242542408,53.90404584,-106.9834866,10.73821392,-11.60502887
1w5w,-39.20788126,0.428780776,-4.401897006,-77.32578387,-1.59799779,55.77072101,-103.3003859,12.13561056,-12.15764929
1ulg,-44.06880044,3.562275913,-4.287772807,-12.70562903,0,14.45717044,-11.87367838,7.905177923,-5.816329945
2f34,-110.9018484,1.846257684,-9.587329568,-20.08676145,-0.104679205,74.60903762,-32.75517202,2.977376742,-9.518886774
1agm,-249.3722396,7.557104656,-8.72336564,-50.95147616,0,175.7932207,-51.68240605,24.63827731,-16.57861267
1moq,-81.32692701,8.176984447,-11.52725629,-11.89712386,0,51.27031907,0.428957363,11.22163084,-4.780166653
2aqu,-69.25102931,4.595108112,-3.778559545,-71.29210592,-2.60E-08,61.14343943,-92.59090177,10.67845702,-12.87605584
2b4l,2.017035712,1.028493861,-0.898543614,-24.14008828,0,-4.40054756,-23.07535415,2.826104857,-6.589998536
1ow4,3.840665322,0.374067408,-3.234268297,-36.98259036,-0.81758103,1.18828297,-42.88254843,1.541990135,-7.847209997
2bfr,-37.08827076,9.38845135,-12.23585555,-14.53198363,-0.209743188,34.37861835,-37.37842172,9.554277573,-7.253143043
2bfq,-39.06208562,2.087743582,-13.15090085,-28.75896035,-4.72235662,22.05918357,-64.35303954,31.38789198,-9.518886774
1o3k,-217.844854,1.044215005,-3.205704615,-18.86019601,-1.883598246,227.225629,-28.29415143,3.689515251,-9.353100648
1heg,-65.44724139,7.472627412,-5.004826033,-60.74505234,-0.200941911,50.70595588,-77.34116036,10.39401857,-10.69320517
1v2s,-242.1388847,1.498842629,-7.112337721,-12.76815032,-8.12E-08,253.0394225,-22.61185985,2.578550034,-5.761067903
1a4r,-3.559029667,4.667760131,-11.98093585,-10.23608521,-1.132885365,21.95545431,-46.71176829,5.551765043,-9.201130032
1k1m,-307.4136125,4.744239202,-8.496811861,-32.66611085,-0.004382986,313.4993017,-51.01558117,11.77931259,-10.22347781
1k1l,-407.1538178,3.472316011,-8.370771765,-32.2700622,-0.01621715,411.8200997,-48.70532222,10.24917367,-9.532702285
1k1j,-296.9831827,3.467826869,-8.064971471,-36.5653951,-0.062646908,306.5299491,-51.55030812,9.054361357,-10.43071047
1k1i,-221.6364963,5.30205476,-12.07676069,-28.18050523,-1.00E-10,214.3785884,-43.0266899,9.814846765,-9.090605947
1o2q,-205.5887879,4.318673541,-2.988884304,-39.89262945,-1.276799816,258.6278582,-47.01362251,7.821991154,-10.61031211
1q91,-120.5682532,0.832864458,-11.88918622,-24.73913092,-1.629564224,110.1708721,-42.16326229,6.307755969,-5.733436882
2bo4,-156.5321097,1.929703903,-13.59565272,-12.63089545,0,149.3133851,-13.40914695,1.271763975,-6.368950367
1o2x,-45.98066051,2.575473329,-4.449153293,-17.45657134,-0.320809359,63.38277157,-32.32051501,3.94667748,-8.082073676
1fkh,-24.6074273,2.660696281,-0.816412826,-41.26014354,-0.317787376,19.79316361,-46.85579378,5.711864638,-11.2596411
1swr,-82.43057242,0.704012331,-8.289240496,-44.44571929,0,47.74042503,-38.99148034,1.080822977,-9.560333306
1o2n,-209.5400105,4.067291194,-3.294216332,-30.90024494,-1.434950516,241.671787,-43.10916259,8.50441983,-8.41364593
1mfi,-63.03258058,1.863305171,-3.910865938,-30.17626137,-0.232344002,49.40525779,-30.05673473,2.171952782,-7.722870402
1koj,-182.7441793,4.446427636,-13.89747701,-12.06511027,0,153.4606828,-10.22625175,7.699515224,-9.256392074
1o2j,-210.8831301,4.54146091,-3.608750118,-24.91281586,-0.193222433,234.8516019,-33.93128276,7.325147788,-9.560333306
1o2k,-215.4241359,5.101074894,-3.504186251,-22.96320563,-0.287744842,223.8716356,-29.36946553,7.921665738,-9.560333306
1fkf,-50.38103949,-0.023809243,-2.523365185,-62.28501165,0,33.94919791,-75.16577767,9.565658001,-12.98657992
1fkg,-23.98331764,2.817581084,-0.562231824,-48.13915055,-0.803009076,19.31605727,-50.65285055,8.678581447,-11.05240845
2fzz,-21.13418851,8.33348647,-3.270649217,-46.35430263,-4.50516312,81.78517547,-68.83164942,1.469538541,-14.53391711
2dri,-43.01722509,0.962966852,-7.196702715,-16.52846628,0,13.83864544,-13.38265283,8.437675031,-9.518886774
2h4k,-104.0717065,2.97923797,-11.68272991,-25.75960236,-0.481415296,99.42268715,-33.51602415,5.830683404,-7.584715296
1m1b,40.34983057,1.363619614,-9.163637342,-3.98015425,0,6.957579194,-27.00498239,2.786180421,-6.43802792
1bwa,-44.46271961,-0.383463261,-4.107580259,-67.34004336,-6.63E-05,49.3779494,-96.51394227,13.01924728,-10.49978802
1bwb,-55.65530593,2.153386088,-4.880815876,-64.11103903,-1.490009818,57.50879924,-103.6278952,14.32800324,-11.63265989
1xbo,-100.8989813,3.195824423,-10.43928383,-36.79248973,-0.634981657,90.24111412,-51.6046841,7.176587596,-8.344568377
2fzk,-492.1507521,4.974715626,-20.84053148,-14.04122718,-0.555153605,501.6413101,-37.19929671,11.34804442,-4.973583801
1gyy,-23.08520234,1.246121558,-8.290460609,-18.28517022,-0.786180056,-2.806019333,-17.65650661,2.031078512,-5.028845843
1gyx,-14.67757973,0.351972025,-6.067000593,-11.66201924,-2.006302331,0.866913524,-16.98858008,0.255788193,-3.426246618
1n4h,-36.55547874,3.627194125,-3.103362035,-75.03687618,0,40.54510509,-52.53890481,3.866120982,-9.049159416
1kzk,-38.57783209,0.835307208,-3.133748557,-75.98035635,-0.679794843,41.28354427,-95.59102744,5.405245243,-14.35431547
2fzg,-494.2593449,9.238412032,-16.79099726,-11.3583946,-1.182423288,465.2363596,-24.38015156,9.703985296,-4.669642569
8abp,-63.41606237,0.966213434,-6.213772805,-17.38970913,0,25.6551025,-18.81712881,6.787683835,-11.05240845
1nw4,-47.71330188,2.060779324,-5.070058307,-27.90342715,-0.216606709,31.34077669,-40.91755988,4.08140502,-12.53066808
1bxq,37.46541903,6.071016429,-4.991666341,-50.46174167,-0.033449097,-28.6111569,-82.45935608,10.71579502,-10.19584679
1add,-28.12722679,2.494998654,-6.881974859,-22.94043958,-1.213195768,71.01933132,-41.99916807,7.435433494,-9.311654116
1lgw,-6.042021058,-0.022784569,-0.745356308,-20.05679597,-1.30E-08,3.824568673,-21.12683004,0.507082215,-5.526204223
1lgt,-26.21232386,2.416471739,-1.591460433,-26.51588502,-2.611413626,22.54810222,-34.09760437,3.366179344,-8.42746144
1v0l,-54.55382411,1.40740905,-4.696230043,-19.50648593,0,50.62506887,-29.04570511,4.040632598,-10.43071047
2f6t,-48.56134135,7.559562604,-10.56682362,-25.54190786,-0.220083844,46.93825092,-43.26268392,7.998942888,-6.382765878
1x8j,-24.66782557,1.498882224,-0.513584509,-59.83710371,0,31.86524111,-43.61477059,1.342651878,-9.615595348
1x8d,-51.74044189,-0.43976423,-2.027696787,-19.8720657,0,15.49543988,-16.43602665,4.789879297,-3.053227833
1oyq,-234.6179118,1.642139227,-8.41536099,-31.94288109,-1.023658867,250.365764,-46.58556194,9.465167994,-9.615595348
1xq0,-19.7032514,1.579951065,-2.285215854,-18.62820238,-1.574596396,10.95047578,-32.40528209,4.904335726,-8.759033694
1x8t,-466.8080432,4.294874561,-41.43077409,-16.17916605,0,426.4019417,-15.22631124,10.93790469,-10.77609824
1x8r,-444.7151541,4.685127292,-44.77854894,-17.21548756,0,412.5160307,-18.15856556,8.788395793,-8.455092462
1o3i,-197.0939849,2.630089613,-2.564467131,-23.94829093,-3.932035355,236.4837559,-35.15396441,3.515089175,-10.08532271
1bap,-47.32447281,1.180790202,-5.199579838,-14.5704549,0,19.43716247,-18.13572898,7.297710507,-9.463624732
1hwr,-24.45809642,1.96577636,-2.565681465,-53.27606688,-1.00E-11,37.46535336,-56.59773371,4.0631855,-11.50832029
1sbg,-44.86706054,3.847026877,-2.483449924,-70.37144107,-1.791912216,50.25876287,-79.76255384,8.552489489,-10.69320517
1nwl,-118.8931908,3.087702892,-6.324374188,-22.30451396,-1.61E-06,107.8520068,-36.37492273,7.366589528,-3.301907023
1o2z,-55.86894913,5.521194757,-4.063390144,-25.64530652,-0.670404881,98.24722792,-38.10474073,8.751042186,-8.441276951
1x38,-22.50867017,-2.156484245,-5.128134622,-30.79759249,-2.906306788,55.27034016,-42.40859458,7.335579434,-12.11620276
1x39,-31.29173858,-1.171043982,-6.056982088,-33.4373057,-0.67453394,53.87937428,-45.60249319,10.86122722,-12.73790073
1i00,-57.97643337,-0.516114174,-4.846114887,-28.92102942,-0.222826985,78.14316272,-49.88122814,0.787783881,-8.759033694
2hxm,-143.6337655,3.702722726,-7.396276328,-14.20571535,-3.169666163,95.73943543,-44.81984783,4.074825464,-7.211696511
1v2u,-224.3807922,1.224964991,-7.103912565,-13.71156025,-7.00E-10,228.6872079,-22.81375151,2.359185032,-4.655827058
2bpv,-57.00885456,2.823164428,-3.633788701,-79.25203365,-0.291807657,58.92407694,-90.86778931,10.96951273,-10.5964966
1jn2,26.98916217,1.795840025,-3.718574139,-13.60708646,-0.372401019,-22.50808368,-20.37181521,5.801686363,-5.650543818
1bai,-113.6612258,8.328545294,-7.073403781,-81.70290471,-1.69E-07,98.04321532,-100.3370315,24.55715779,-10.63794313
1tkb,159.7558962,3.669081559,-5.370548552,-44.98845083,-2.11028112,-119.6567134,-57.47644455,9.318269282,-11.05240845
2izl,-58.53885458,1.464305773,-7.20953483,-50.24333594,0,31.49824971,-35.42163568,2.503488784,-8.289306335
1jn4,-174.1901266,7.379497262,-15.85275853,-13.50874854,-5.350707064,130.0667243,-51.46745845,13.62324202,-6.838677726
2ez7,3.524738563,0.638952967,-1.112678906,-3.3422881,-2.205208965,-5.680335057,-13.29670444,0.626692931,-6.023562603
1qka,-280.3625587,7.078101763,-12.85252999,-18.76568178,-0.593842892,238.5473868,-69.45028579,11.88509159,-8.17878225
1b51,-185.0229024,1.58493564,-9.295638197,-7.71691114,0,165.879042,-54.82716833,6.443445338,-10.18203128
1ssq,-12.86196708,0.650525815,-3.594254042,-4.9765347,0,0.618452328,-16.88927725,0.529907691,-8.289306335
1awi,-26.91605003,8.983441502,-2.004894738,-75.56340971,0,11.09645183,-79.12704734,14.6445078,-5.595281776
1b05,-126.6714374,6.744636442,-6.478566869,-8.00038207,0,134.7903652,-57.86043766,13.14979505,-9.836643517
1b32,-146.9119517,4.693342313,-6.494186823,-21.93339132,0,153.8822074,-63.67073755,8.997366615,-9.809012496
2a4m,6.542979015,2.949445848,-0.968251912,-17.02344775,-0.566919822,7.642284,-30.56802454,3.846277757,-6.244610772
1b74,-8.82345696,1.274085123,-1.716978715,-7.84029531,-1.36E-06,6.835598897,-24.70415574,0.939970508,-1.796016373
1fo0,-145.1914738,11.421685,-11.33151316,-77.11204264,-1.924532973,104.185038,-125.0612671,17.99743048,-7.722870402
2i3h,-99.48828753,6.350823996,-4.753206555,-35.70351132,-0.478350015,64.6134905,-44.71020253,7.985412138,-10.22347781
1qaw,-27.40675907,2.160698186,-1.862929462,-23.54993722,-0.761626278,21.1187642,-28.81528422,2.221487315,-7.073541406
1b5j,-128.226873,3.639997639,-8.763604746,-11.36955342,-2.137808399,130.2941996,-65.10725547,10.08776353,-10.26492434
1wdn,-28.93923221,4.620850477,-5.694877857,-12.37325694,-2.10263932,0.013480472,-20.88143109,3.627035874,-8.703771652
2olb,-239.6669331,5.127394667,-11.57697095,0,0,203.7596155,-64.04168523,9.374919926,-7.653792849
1laf,-100.1092263,1.375138118,-5.971102108,-22.83141889,0,52.0789403,-25.06496728,1.419698487,-10.84517579
1lag,-13.79431693,1.226674903,-4.355353487,-12.42223369,-0.506382476,1.586726437,-19.18239558,1.625760934,-8.703771652
2bsu,-136.2166417,10.63137703,-6.814344117,-77.02087346,-0.135328869,108.8751824,-105.7205847,17.99487095,-7.819578976
1b40,-180.2362522,2.225917064,-8.478997582,-18.84963381,-1.282746111,162.0509206,-65.81105054,8.366999601,-10.05769169
1b3f,-128.4712142,1.758371922,-8.68537858,-11.44201771,-1.589954991,143.0411879,-61.25995132,5.417380085,-9.518886774
1b3g,-144.7566879,5.053514427,-5.935516604,-17.96013632,0,153.0153745,-58.6918069,9.753965462,-9.256392074
1b46,-169.7420615,5.030812345,-8.526301863,-14.56534326,0,145.3371038,-58.81108643,7.209087939,-7.294589575
1b3l,-177.7698926,1.508743518,-7.699698445,-3.90267218,0,164.3492035,-53.42383729,3.330451933,-8.137335719
1b3h,-122.0560799,8.145564044,-6.587325546,-19.19528799,-1.241955611,147.5843718,-68.50300828,13.0347852,-8.579432057
1b58,-161.9602729,4.127024667,-6.479261055,-18.37037064,-1.538379961,154.3297231,-64.3901027,7.67176885,-9.104421458
1jev,-200.5029045,5.925417554,-9.060960475,-22.875461,-1.215447559,195.248357,-71.28746017,7.184479093,-9.518886774
1jet,-182.2972989,3.033791752,-7.582869297,-8.17546977,0,162.2694335,-54.82732613,6.313732386,-10.01624515
1jeu,-112.8349807,5.580219622,-13.83740997,-11.58891053,0,99.82558779,-59.97526401,10.06932036,-9.422178201
1jd5,-73.75954954,2.327287865,-3.080803168,-57.69471635,-0.55019324,59.44188203,-71.13665447,11.01301837,-9.145867989
1b5i,-221.8223643,8.548751139,-7.861357525,-7.56596288,-1.859442816,188.7083531,-58.47131533,14.42713544,-9.739934943
1f2o,2.86437211,-0.214284521,-2.462025678,-17.18130316,0,35.28763021,-19.65268805,1.889971511,-2.638762517
1jq8,33.88502165,6.668758337,-1.270427492,-47.93825089,-3.74E-06,12.75733775,-60.09820134,17.7753228,-8.289306335
1utc,-114.1647179,4.99339429,-10.18932072,-58.0686771,-1.990462285,101.745942,-83.81735291,9.818895412,-6.286057304